date,startup_name,industry,city,investors,investment_type,amount_usd,year,month
2020-01-09,BYJU’S,E-Tech,Bengaluru,Tiger Global Management,Private Equity Round,200000000.0,2020.0,1.0
2020-01-13,Shuttl,Transportation,Gurgaon,Susquehanna Growth Equity,Series Funding,8048394.0,2020.0,1.0
2020-01-09,Mamaearth,eCommerce,Bengaluru,Sequoia Capital India,Series Funding,18358860.0,2020.0,1.0
2020-01-02,Fashor,Fashion and Apparel,Mumbai,Sprout Venture Partners,Seed Round,1800000.0,2020.0,1.0
2020-01-13,Pando,Logistics,Chennai,Chiratae Ventures,Series Funding,9000000.0,2020.0,1.0
2020-01-10,Zomato,Hospitality,Gurgaon,Ant Financial,Private Equity Round,150000000.0,2020.0,1.0
2019-12-12,Ecozen,Technology,Pune,Sathguru Catalyzer Advisors,Series Funding,6000000.0,2019.0,12.0
2019-12-06,CarDekho,eCommerce,Gurgaon,Ping An Global Voyager Fund,Series Funding,70000000.0,2019.0,12.0
2019-12-03,Dhruva Space,Aerospace,Bengaluru,"Mumbai Angels, Ravikanth Reddy",Seed,50000000.0,2019.0,12.0
2019-12-13,Rivigo,Technology,Gurgaon,"SAIF Partners, Spring Canter Investment Ltd.",Series Funding,20000000.0,2019.0,12.0
2019-12-17,Healthians,B2B-focused foodtech startup,Bengaluru,"Paytm, NPTK, Sabre Partners and Neoplux",Series Funding,12000000.0,2019.0,12.0
2019-12-16,Licious,eCommerce,Bengaluru,Vertex Growth Fund,Series Funding,30000000.0,2019.0,12.0
2019-12-16,InCred,Finance,Mumbai,,Debt Funding,5900000.0,2019.0,12.0
2019-12-14,Trell,Video,Bengaluru,Ruizheng Investment,Seed Round,2000000.0,2019.0,12.0
2019-12-11,Rein Games,Gaming,Noida,Manipal Education and Medical Group (MEMG),Seed Round,50000000.0,2019.0,12.0
2019-12-20,Lenskart.com,eCommerce,Faridabad,SoftBank,Series Funding,231000000.0,2019.0,12.0
2019-11-13,Freshworks,Software,San Francisco,"Sequoia, CapitalG, Accel",Series Funding,150000000.0,2019.0,11.0
2019-11-14,Misters,Health and wellness,Gurgaon,"Sauce.vc, Rainforest Ventures",Series Funding,486000.0,2019.0,11.0
2019-11-13,Sunstone Eduversity Pvt. Ltd,Education,Gurgaon,"Prime Venture Partners, LetsVenture, PS1 Venture and GlobalLogic co-founder Rajul Garg",Seed,1500000.0,2019.0,11.0
2019-11-18,Healthians,Health and Wellness,Gurgaon,"DG Daiwa Ventures, DG Incubation",Series Funding,12000000.0,2019.0,11.0
2019-11-15,Ninjacart,B2B Marketing,Bengaluru,Trifecta Capital Advisors,Debt Funding,26000000.0,2019.0,11.0
2019-11-20,Aye Finance,Finance,Gurgaon,FinTech,Debt Funding,17411265.0,2019.0,11.0
2019-11-12,SuperGaming,Video Games,Pune,Dream Incubator,Seed Funding,1300000.0,2019.0,11.0
2019-11-20,Clumio,SaaS,"San Jose,","Altimeter Capital, Sutter Hill Ventures",Series Funding,135000000.0,2019.0,11.0
2019-11-11,eBikeGo,Last Mile Transportation,Amritsar,Startup Buddy,Seed,300000.0,2019.0,11.0
2019-11-19,Digital Mall Asia,eCommerce,Delhi,Amour Infrastructure,Seed Funding,220000000.0,2019.0,11.0
2019-11-18,Medikabazaar,Healthcare,Mumbai,"Ackermans & van Haaren, HealthQuad, Rebright Partners, Toppan Printing",Series Funding,15800000.0,2019.0,11.0
2019-11-15,Vogo Automotive,Last Mile Transportation,Kormangala,"Matrix Partners, Stellaris Venture Partners, Kalaari Capital",Series Funding,283000000.0,2019.0,11.0
2019-11-19,Furtados School of Music,Education,Tulangan,IAN Fund and DSG Consumer Partners,,200000000.0,2019.0,11.0
2019-11-25,Paytm,Finance,Noida,Vijay Shekhar Sharma,Funding Round,1000000000.0,2019.0,11.0
2019-10-04,Dunzo,Customer Service,Bengaluru,Lightbox,Series Funding,45000000.0,2019.0,10.0
2019-10-02,Udaan,B2B,Bengaluru,"Altimeter Capital, DST Global",Series Funding,585000000.0,2019.0,10.0
2019-09-05,FPL Technologies,Finance,Pune,"Matrix Partners India, Sequoia India",Maiden Round,4500000.0,2019.0,9.0
2019-09-04,Cashflo,Finance,Mumbai,SAIF Partners,Series Funding,3300000.0,2019.0,9.0
2019-09-04,Digital F5,"Advertising, Marketing",Mumbai,TIW Private Equity,Private Equity Round,6000000.0,2019.0,9.0
2019-09-04,3rdFlix,SaaS,Hyderabad,Exfinity Venture Partners,pre-series A,5000000.0,2019.0,9.0
2019-09-04,75F,IoT,Burnsville,Breakthrough Energy Ventures,Series Funding,18000000.0,2019.0,9.0
2019-09-04,Myelin Foundry,Information Technology,Bengaluru,Endiya Partners,Seed,1000000.0,2019.0,9.0
2019-09-04,Atomberg Technology,Consumer Technology,Mumbai,A91 Partners,Series Funding,10000000.0,2019.0,9.0
2019-09-04,GOQii,Health and Wellness,Menlo Park,Bennett Coleman and Company Ltd (BCCL),Series Funding,450000000.0,2019.0,9.0
2019-09-03,Vyapar App,Accounting,Bengaluru,"India Quotient, Axilor Ventures",Series Funding,5000000.0,2019.0,9.0
2019-08-01,CarDekho,eCommerce,Gurgaon,SC GG India Mobility Holdings LLC,Series Funding,20000000.0,2019.0,8.0
2019-08-01,Progcap,Finance,Delhi,Sequoia India,Series Funding,5000000.0,2019.0,8.0
2019-08-01,MyPetrolPump,Retail,Bengaluru,,Seed Funding Round,1600000.0,2019.0,8.0
2019-08-01,Alteria Capital,Finance,Mumbai,"Azim Premji, Binny Bansal",Single Venture,140000000.0,2019.0,8.0
2019-08-01,Pine Labs,Information Technology,Noida,Pine Labs Pte Ltd,Corporate Round,38080000.0,2019.0,8.0
2019-08-12,Meesho,eCommerce,Bengaluru,Naspers,Series Funding,125000000.0,2019.0,8.0
2019-08-13,Cars24,eCommerce,Gurgaon,MS Dhoni,Series Funding,11000000.0,2019.0,8.0
2019-08-13,Uniphore,Customer Service Platform,Palo Alto,March Capital Partners,Series Funding,51000000.0,2019.0,8.0
2019-08-23,Zendrive,Automotive,San Francisco,XL Innovate,Series Funding,37000000.0,2019.0,8.0
2019-08-23,Lo! Foods,Consumer Goods,Bengaluru,"Rashmi Daga (founder, FreshMenu), Raveen Sastry (co-founder, Myntra) and Mitesh Shah (finance chief, BookMyShow)",Seed Round,500000.0,2019.0,8.0
2019-08-23,Tala,Finance,Santa Monica,RPS Ventures,Series Funding,110000000.0,2019.0,8.0
2019-08-22,INDwealth,Finance,Gurgaon,Tiger Global Management,Venture Round,15000000.0,2019.0,8.0
2019-08-21,HungerBox,Food and Beverage,Bengaluru,One97 Communications Ltd.,Series Funding,6590000.0,2019.0,8.0
2019-08-23,AdmitKard,EdTech,Noida,Growth DNA,Seed Round,1000000.0,2019.0,8.0
2019-08-19,Grofers,eCommerce,Gurgaon,SoftBank,Series Funding,70000000.0,2019.0,8.0
2019-08-27,Rapido Bike Taxi,Transportation,Bengaluru,Westbridge Capital,Series Funding,3900000000.0,2019.0,8.0
2019-07-02,RenewBuy,Finance,Gurgaon,"Lok Capital, IIFL Wealth",Series Funding,19000000.0,2019.0,7.0
2019-07-02,Atlan,Information Technology,Singapore,WaterBridge Ventures,Pre-Series A,2500000.0,2019.0,7.0
2019-07-01,WizCounsel,Compliance,Delhi,Kapil Dev,Angel,145000.0,2019.0,7.0
2019-07-03,Ola Cabs,Transport,Kormangala,"DIG Investment Ab, Deshe Holdings, Samih Toukan and Hussam Khoury",Series Funding,1000000.0,2019.0,7.0
2019-07-01,Uniphore,Artificial Intelligence,Taramani,March Capital Partners,Series Funding,38080000.0,2019.0,7.0
2019-07-04,Daalchini Technologies,Food and Beverage,Delhi,Artha Venture,Seed Round,500000.0,2019.0,7.0
2019-07-10,"""BYJU\\'S""",EdTech,Bengaluru,Qatar Investment Authority,Private Equity Round,150000000.0,2019.0,7.0
2019-07-11,Moglix,eCommerce,Singapore,"Composite Capital Management, Sequoia Capital India, Tiger Global Management",Series Funding,60000000.0,2019.0,7.0
2019-07-10,Ezyhaul,Tech,Singapore,Undisclosed,Series Funding,16000000.0,2019.0,7.0
2019-07-10,Indus OS,Tech,Andheri,Ventureast,Series Funding,5750000.0,2019.0,7.0
2019-07-10,HealthAssure,Health Care,Mumbai,Blume Ventures,Series Funding,2500000.0,2019.0,7.0
2019-07-09,House of Msasaba,Luxury Label,Mumbai,Binny Bansal,Series Funding,1000000.0,2019.0,7.0
2019-07-08,Board Infinity,EdTech,Chembur,Multiple Angel Investors,Angel Round,319605.0,2019.0,7.0
2019-06-05,NoBroker,eCommerce,Bengaluru,General Atlantic,Series Funding,51000000.0,2019.0,6.0
2019-06-04,Bira91,Food and Beverage,Delhi,Anicut Capital,Debt Funding,10000000.0,2019.0,6.0
2019-06-03,FabHotels,eCommerce,Gurgaon,"Goldman Sachs, Accel Partners and Qualcomm",,4889975.54,2019.0,6.0
2019-06-03,Avail Finance,Finance,Bengaluru,Matrix Partners,Series Funding,9000000.0,2019.0,6.0
2019-06-04,BharatPe,Finance,Delhi,Insight Partners,Series Funding,75000000.0,2019.0,6.0
2019-06-04,Recykal,Waste Management Service,Hyderabad,"Triton Investment Advisors, Pidilite Industries director Ajay Parekh",pre-Series A,26000000.0,2019.0,6.0
2019-06-03,Agara Labs,Deep-Tech,Bengaluru,Blume Ventures and RTP Global,pre-Series A,2500000.0,2019.0,6.0
2019-06-06,Sistema.bio,Agriculture,Nairobi,"Shell Foundation, DILA CAPITAL, Engie RDE Fund, EcoEnterprise Fund, EDFIMC (ElectriFI), Endeavor Catalyst Fund, CoCapital, Triodos, Alpha Mundi, and Lendahand",,2739034.68,2019.0,6.0
2019-06-06,Chakr Innovation,Energy,Delhi,IAN Fund,Series Funding,26000000.0,2019.0,6.0
2019-06-06,Pratilipi,Digital Media,Bengaluru,Qiming Venture Partners,Series Funding,15109500.0,2019.0,6.0
2019-06-10,Bolo App,Digital Media,Bengaluru,Nexus Venture Partners,Seed Funding,430200.0,2019.0,6.0
2019-06-10,OkCredit,Finance,Haryana,Tiger Global Management,Series Funding,15500000.0,2019.0,6.0
2019-06-06,Biz2Credit,Finance,New York,WestBridge Capital,Series Funding,52000000.0,2019.0,6.0
2019-06-08,Vogo Automotive Pvt. Ltd.,Transportation,Karnataka,Alteria Capital,Debt Funding,3584000.0,2019.0,6.0
2019-06-04,Leegality,Services,Mumbai/Bengaluru,Mumbai Angels,Series Funding,3400000.0,2019.0,6.0
2019-05-06,Saahas Zero Waste,Waste Management Service,Bengaluru,C4D Partners,Venture - Series Unknown,868600.0,2019.0,5.0
2019-05-01,BlackBuck,Transport,Bengaluru,"Goldman Sachs Investment Partners and Silicon Valley-based Accel, Wellington, Sequoia Capital, B Capital, LightStreet, Sands Capital and International Finance Corporation,",Series Funding,150000000.0,2019.0,5.0
2019-05-02,Zenoti,Saas,Hyderabad,Tiger Global Management,Series Funding,50000000.0,2019.0,5.0
2019-05-28,Ather Energy,Automobile,Bengaluru,Sachin Bansal,Series Funding,51000000.0,2019.0,5.0
2019-05-28,FreshVnF,Agtech,Mumbai,Equanimity Ventures,Seed Round,140000000.0,2019.0,5.0
2019-05-30,GlowRoad,eCommerce,Bengaluru,"Korea Investment Partners, Vertex Ventures",Series Funding,11500000.0,2019.0,5.0
2019-05-31,Bira91,Food and Beverage,Delhi,Sixth Sense Ventures,Series Funding,5600000.0,2019.0,5.0
2019-04-16,Kuvera,Finance,Bengaluru,Eight Roads,Series Funding,45000000.0,2019.0,4.0
2019-04-12,Medlife,eCommerce,Bengaluru,Prasid Uno Family Trust,Private Equity,17000000.0,2019.0,4.0
2019-04-10,Kabadiwala,eCommerce,Bhopal,"Unilever, Beehive Capital Advisor, ABCOM Investments, Parekh Marine Transport,",Private Equity,430665.0,2019.0,4.0
2019-04-13,Tripoto,Social Media,Delhi,"Orchid India, Hornbill Orchid India Fund, Chiratae Ventures (formerly IDG Ventures), 3one4 Capital, Lasmer NV",Series Funding,3591375.0,2019.0,4.0
2019-04-12,Azah,Health and Wellness,Gurgaon,Unnamed angel investors,Seed Funding,200000.0,2019.0,4.0
2019-04-11,Setu,Finance,Bengaluru,Lightspeed India Partners,Seed Funding,3500000.0,2019.0,4.0
2019-04-10,Toppr,Edtech,Mumbai,Milestone,Debt and Preference capital,6320820.0,2019.0,4.0
2019-04-10,Craftsvilla,eCommerce,Mumbai,Supera Pte Ltd,Inhouse Funding,2443495.0,2019.0,4.0
2019-04-10,Unacademy,Edtech,Bengaluru,Kalyan Krishnamurthy,Seed/Angel Funding,307000.0,2019.0,4.0
2019-04-11,CleverTap,SaaS,Mumbai,"Sequoia India, Tiger Global Management, Accel Partners",Series Funding,26000000.0,2019.0,4.0
2019-04-19,My Healthcare,eCommerce,Bengaluru and Gurugram,Sixth Sense Ventures,Series Funding,3000000.0,2019.0,4.0
2019-04-17,Shuttl,Transportation,Gurgaon,New Atlantic Ventures,Venture Round,5000000.0,2019.0,4.0
2019-04-17,Increff,Technology,Bengaluru,"021 Capita, Binny Bansal",Series Funding,3000000.0,2019.0,4.0
2019-02-08,Zilingo,eCommerce,India/Singapore,"Sequoia Capital and Temasek Holdings, EDBI, Burda Principal Investments, and Sofina",Series Funding,226000000.0,2019.0,2.0
2019-02-13,NanoClean Global,Nanotechnology,Delhi,"LetsVenture, PitchRight Venture, 91SpringBoard, AL Nour International Holdings and Mark V Investments",Series Funding,600000.0,2019.0,2.0
2018-02-14,OyoRooms,Hospitality,Gurgaon,DiDi Chuxing,Equity,100000000.0,2018.0,2.0
2019-01-03,CarDekho,Automobile,Jaipur,"Sequoia India, Hillhouse Capital, Alphabet\\xe2\\x80\\x99s growth investment arm Capital G and Axis Bank",Series Funding,110000000.0,2019.0,1.0
2019-01-04,Vyome Therapeutics Inc.,Health and Wellness,India/US,"Iron Pillar, Perceptive Advisors, Romulus Capital and Kalaari Capital",Series Funding,22000000.0,2019.0,1.0
2019-01-04,Samunnati Financial Intermediation & Services Pvt. Ltd,Finance,Chennai,"MASSIF, a Dutch government fund",Debt-Funding,5000000.0,2019.0,1.0
2018-12-04,Manch,Social Media,Delhi,Stellaris Venture Partners,Seed Funding,700000.0,2018.0,12.0
2018-12-01,UrbanClap Technologies Pvt. Ltd,Services Platform,Delhi,Steadview Capital and Vy Capital.,Series Funding,50000000.0,2018.0,12.0
2018-12-02,Guiddoo,Travel Tech,Mumbai,Individual Investors,Pre-Series A,800000.0,2018.0,12.0
2018-12-02,Career Anna,Online Education,Gurgaon,Individual Investors,Pre-Series A,572000.0,2018.0,12.0
2018-12-04,Nagpur Wholesale,Online Marketplace,Nagpur,Omphalos Ventures India LLP,Seed Funding,143000.0,2018.0,12.0
2018-12-06,ShopKirana,B2B,Indore,"Info Edge, AET Fund, Akatsuki and Incubate Fund from Japan and Better Capital AngelList syndicate.",Seed Funding,2000000.0,2018.0,12.0
2018-12-06,BuildSupply,"SaaS, Ecommerce",Gurgaon,"Venture Highway, GREE Ventures, Space Matrix, Individual Investors",Series Funding,3500000.0,2018.0,12.0
2018-11-01,GoDesi,Food and Beverage,Bengaluru,Lead Angels Network,Seed/Angel Funding,138995.0,2018.0,11.0
2018-11-03,Veritas Finance Ltd.,NBFC,Chennai,"Norwest Venture Partners, CDC Group, the UK\\xe2\\x80\\x99s Development Finance Institution and P Surendra Pai",Series Funding,27799000.0,2018.0,11.0
2018-11-06,Meesho,eCommerce,Bengaluru,"Shunwei Capital, DST Partners and RPS Ventures",Series Funding,50000000.0,2018.0,11.0
2018-11-08,Mobile Premier League,Gaming,Bengaluru,Undisclosed,Series Funding,500000.0,2018.0,11.0
2018-11-08,A&R Bon Vivants,Food,Jaipur,"RB Investments, Singapore",Equity,1000000.0,2018.0,11.0
2018-11-12,Blackbuck,Food Tech,"New York, Bengaluru",Tiger Global,Series Funding,1000000.0,2018.0,11.0
2018-11-12,MilkBAsket,Food,Delhi,Mayfield Fund,Series Funding,1300000.0,2018.0,11.0
2018-11-13,DriveU,Transport,Bengaluru,Stevens Creek Ventures,Mezzanine,1000000.0,2018.0,11.0
2018-11-14,CleanseCar,Services,Bengaluru,Venture Catalysts,Seed/Angel Funding,500000.0,2018.0,11.0
2018-11-19,Automation Anywhere,Automation,California,SoftBank,Series Funding,300000000.0,2018.0,11.0
2018-11-20,HealthifyMe,Health and Wellness,Bengaluru,"Sistema Asia Fund, VC Samsung NEXT, Chiratae Ventures, Inventus Capital, Blume Ventures and Innoven Capital.",Series B (Extension),6000000.0,2018.0,11.0
2018-11-21,Genius Corner,Education,Noida,Individual investors,Seed Funding,278000.0,2018.0,11.0
2018-11-22,Aavishkaar-Intellecap Group,Investment,Mumbai,Teachers Insurance and Annuity Association (TIAA),Equity Based Funding,31000000.0,2018.0,11.0
2018-11-23,Signzy,Financial Tech,Mumbai/Bengaluru,"Stellaris Venture Partners and Kalaari Capital, Rajan Anandan from Google, Dilip Khandwelwal from SAP Labs India, and Amrish Rau from PayU India",Series Funding,3400000.0,2018.0,11.0
2018-11-24,Engineer.ai,Software,India/US,"Lakestar and Jungle Ventures, SoftBank",Series Funding,29500000.0,2018.0,11.0
2018-11-25,InCred Finance,Finance,India,"Paragon Partners, Individual Investors",Private Equity,42000000.0,2018.0,11.0
2018-11-25,Roposo,Social Media,Delhi,Bertelsmann India Investments,Series Funding,1700000.0,2018.0,11.0
2018-10-02,Origo Commodities India Pvt. Ltd,Logistics,Hyderabad,"Cooperative Oikocredit, Caspian and Hivos-Triodos Fund",Seed/Angel Funding,11000000.0,2018.0,10.0
2018-10-04,Grover Zampa,Food,Mumbai,Ravi Viswanathan,Private Equity,8200000.0,2018.0,10.0
2018-10-05,Droom,Automobile,Gurgaon,ZigExN,Series Funding,3000000.0,2018.0,10.0
2018-10-11,Innov8,Real Estate,Delhi,Credence Family Office,Pre-Series A,4000000.0,2018.0,10.0
2018-10-12,Blackbuck,Logistics Tech,Bengaluru,Sequoia Capital India,Private Funding,14680000.0,2018.0,10.0
2018-10-12,LetsTransport,Logistics Tech,Bengaluru,Fosun International,Series Funding,12000000.0,2018.0,10.0
2018-09-01,Netmeds,Consumer Internet,Chennai,"Sistema Asia Fund, Sistema JSFC and Tanncam Investment",Private Equity,35000000.0,2018.0,9.0
2018-09-03,Udaan,B2B Platform,Bengaluru,DST Global and Lightspeed Venture Partners\\xe2\\x80\\x99 global fund.,Private Equity,225000000.0,2018.0,9.0
2018-09-03,Daily hunt,Consumer Internet,Bengaluru,Falcon Edge,Private Equity,6390000.0,2018.0,9.0
2018-09-04,3HCare,Healthcare,Delhi,,Seed/Angel Funding,1000000.0,2018.0,9.0
2018-09-05,Nykaa,Consumer Internet,Mumbai,Lighthouse,Private Equity,157200000.0,2018.0,9.0
2018-09-06,Dream11,Consumer Internet,Mumbai,"Tencent, Kalaari Capital and Private equity firm Multiples Alternate Asset Management",Private Equity,100000000.0,2018.0,9.0
2018-09-10,MamaEarth,Healthcare,Gurgaon,Stellaris Ventures & Others,Private Equity,4000000.0,2018.0,9.0
2018-09-11,AutoGrid,Technology,Bengaluru,"CLP Holdings Group, Innogy, \\xc3\\x98rstead, and Tenaska",Private Equity,32000000.0,2018.0,9.0
2018-09-11,Pharmeasy,Consumer Internet,Mumbai,InnoVen Capital,Debt Funding,5500000.0,2018.0,9.0
2018-09-11,Upwards,Fin-Tech,Mumbai,"Shunwei Capital,Quotient, Mayfield & Others",Private Equity,5000000.0,2018.0,9.0
2018-09-12,Kissht,Fin-Tech,Mumbai,"Vertex Ventures Southeast Asia (SEA) and India and Sistema Asia Fund, Fosun RZ Capital, Ventureast, and Endiya Partners.\\n\\n",Private Equity,30000000.0,2018.0,9.0
2018-08-01,dishq,Food-Tech,Bengaluru,"Farm To Fork, Arts Alliance, The Syndicate Fund, Sven Hensen, Zeroth and Artesian Venture Partners",Seed/Angel Funding,400000.0,2018.0,8.0
2018-08-02,Samosa Labs,Consumer Internet,Hyderabad,Xiaomi and Sequoia Capital India,Private Equity,7000000.0,2018.0,8.0
2018-08-03,ZiffyHomes,Consumer Internet,Gurgaon,Y Combinator,Private Equity,120000.0,2018.0,8.0
2018-08-07,My OmNamo,Consumer Internet,Mumbai,,Seed/Angel Funding,1000000.0,2018.0,8.0
2018-08-07,ShopX,Consumer Internet,Bengaluru,Fung Strategic Holdings,Private Equity,35000000.0,2018.0,8.0
2018-08-07,MakeMyTrip,Consumer Internet,Gurgaon,MakeMyTrip Limited,Private Equity,10000000.0,2018.0,8.0
2018-08-08,Hansel io,Consumer Internet,Bengaluru,Vertex Ventures,Seed/Angel Funding,4000000.0,2018.0,8.0
2018-08-08,Metro Bikes,Consumer Internet,Bengaluru,"Sequoia Capital India Advisors, Accel Partners and G Raghunandan",Private Equity,12200000.0,2018.0,8.0
2018-08-08,Phone Pe,Consumer Internet,Bengaluru,Flipkart,Private Equity,66000000.0,2018.0,8.0
2018-08-09,quizizz,Ed-Tech,Bengaluru,"Nexus Venture Partners, Prime Venture Partners and Others",Seed/Angel Funding,3000000.0,2018.0,8.0
2018-08-09,Happy EMI,Fin-Tech,Bengaluru,AJ Ventures and Jain International Trade Organisation (JITO),Seed/Angel Funding,1000000.0,2018.0,8.0
2018-08-13,Inthree,Consumer Internet,Chennai,"Ventureast, Orios Venture Partners and the IAN Fund",Seed/Angel Funding,4000000.0,2018.0,8.0
2018-08-13,Observe AI,Technology,Bengaluru,"Nexus Venture Partners, MGV, Liquid 2 Ventures, Hack VC, Emergent Ventures and Y Combinator",Private Equity,8000000.0,2018.0,8.0
2018-08-16,Enakshi,Consumer Internet,Ahmedabad,,Seed/Angel Funding,114811.0,2018.0,8.0
2018-08-17,EazyDiner,Consumer Internet,Gurgaon,Denlow Investment Trust and Beenext,Private Equity,5850000.0,2018.0,8.0
2018-08-20,Finzy,Finance,Bengaluru,,Seed/Angel Funding,1000000.0,2018.0,8.0
2018-08-20,RawPressery,Consumer Internet,Mumbai,Alteria Capital,Debt Funding,4800000.0,2018.0,8.0
2018-08-22,Pi Ventures,Technology,Bengaluru,CDC Group plc\\xc2\\xa0,Private Equity,6000000.0,2018.0,8.0
2018-08-22,Revv,Consumer Internet,Gurgaon,"Hyundai, Edelweiss and Beenext, Dream Incubator, Sunjay Kapoor and Telama Investment",Private Equity,14270000.0,2018.0,8.0
2018-08-26,ZestMoney,Consumer Internet,Bengaluru,"Xiaomi,PayU, Ribbit Capital and Omidyar Network",Private Equity,13400000.0,2018.0,8.0
2018-08-26,Shubh Loans,Fin-Tech,Bengaluru,"Saama Capital, SRI Capital, Beenext, and Pravega Ventures",Private Equity,4200000.0,2018.0,8.0
2018-08-27,MyUpchar,Healthcare,Delhi,"Nexus Venture Partners, Omidyar Network and Shunwei Capital",Private Equity,5000000.0,2018.0,8.0
2018-08-28,Narvar,IT,Bengaluru,Accel (formerly known as Accel Partners),Private Equity,3000000.0,2018.0,8.0
2018-08-30,True North,Finance,Mumbai,,Private Equity,600000000.0,2018.0,8.0
2018-07-02,Biryani By Kilo,Consumer Internet,Gurgaon,Ajay Relan and Vinay Mittal,Seed/Angel Funding,1000000.0,2018.0,7.0
2018-07-04,Anchanto,IT,Pune,MDI Ventures & Telkom Indonesia,Private Equity,4000000.0,2018.0,7.0
,Loan Tap,Consumer Internet,Mumbai,"Shunwei Capital, Tuscan Ventures, Ashish Goenka, VC firms India Quotient and Kae Capital",Private Equity,6250000.0,,
2018-07-06,PolicyBazaar,Consumer Internet,Gurgaon,Info Edge (India) Ltd and Temasek,Private Equity,27700000.0,2018.0,7.0
2018-07-09,zippserv,Consumer Internet,Bengaluru,Info Edge (India) Ltd,Seed/Angel Funding,440000.0,2018.0,7.0
2018-07-09,Groww,Consumer Internet,Bengaluru,"Insignia Ventures Partners, Lightbridge Partners & Kairos",Seed/Angel Funding,1100000.0,2018.0,7.0
2018-07-10,Avenue Growth,Consumer Internet,Gurgaon,"Avtar Monga, chief operating office at IDFC Bank, Aditya Malik & Others",Seed/Angel Funding,437000.0,2018.0,7.0
2018-07-10,Kinara Capital,Finance,Bengaluru,ResponsAbility,Private Equity,5000000.0,2018.0,7.0
2018-07-10,Shop 101,Consumer Internet,Mumbai,"Stellaris Venture Partners, Vy Capital, Raghunandan G, and Ramakant Sharma",Private Equity,5000000.0,2018.0,7.0
2018-07-11,Sambandh,Consumer Internet,Rourkela,Base of Pyramid Asia (BOPA) Pte Ltd,Private Equity,2500000.0,2018.0,7.0
2018-07-12,19th mile,IT,Gurgaon,"Rishi Vasudev, Excelsior Investments, Ritesh Vohra, Praveer Kumar, Prashant Gupta and Others",Seed/Angel Funding,180000.0,2018.0,7.0
2018-07-12,5th Vital,Healthcare,Bengaluru,Brand Capital and Others,Seed/Angel Funding,500000.0,2018.0,7.0
2018-07-13,MEngage,Healthcare,Jaipur,"Siddharth Agarwal, Mahavir Sharma, Amit Singal, 100 Co-founders Lab and others.",Seed/Angel Funding,175000.0,2018.0,7.0
2018-07-17,Ofbusiness,Finance,Gurgaon,"Creation Investments, Falcon Edge, Matrix Partners India and Zodius Capital",Private Equity,29000000.0,2018.0,7.0
2018-07-17,Cars24,Consumer Internet,Gurgaon,"Kingsway FCI Fund, KCK Global & Others",Private Equity,49700000.0,2018.0,7.0
2018-07-18,The Ken,Consumer Internet,Bengaluru,Omidyar Network & Others,Seed/Angel Funding,1500000.0,2018.0,7.0
2018-07-19,Book My Show,Consumer Internet,Mumbai,"TPG Growth, The Rise Fund & Others",Private Equity,100000000.0,2018.0,7.0
2018-07-20,HousingMan,Consumer Internet,Bengaluru,,Seed/Angel Funding,1500000.0,2018.0,7.0
2018-07-21,PaySense,Consumer Internet,Mumbai,PayU & Others,Private Equity,18000000.0,2018.0,7.0
2018-07-23,VTION,Technology,Gurgaon,"AngelList, Rahul Khanna, Rajeev Arora and Ram Ramsundar.",Seed/Angel Funding,280000.0,2018.0,7.0
2018-07-23,Log9 Materials,Technology,Bengaluru,"Metaform Ventures, Hemant Luthra, Micro venture capital firm GEMS Partners and Others",Seed/Angel Funding,436000.0,2018.0,7.0
2018-07-24,kidovators,Ed-Tech,Bengaluru,Gray Matters,Seed/Angel Funding,180000.0,2018.0,7.0
2018-07-24,Digit,Consumer Internet,Pune,Fairfax,Private Equity,45000000.0,2018.0,7.0
2018-07-25,Black Soil,Finance,Mumbai,"Allcargo Logistics, Navneet Education and Mahavir Agency",Private Equity,17000000.0,2018.0,7.0
2018-07-25,Trell,Consumer Internet,Bengaluru,"BeeNext , WEH Ventures and Sprout Ventures",Seed/Angel Funding,1250000.0,2018.0,7.0
2018-07-25,iqlect,Technology,Bengaluru,Ventureast and Exfinity,Seed/Angel Funding,2500000.0,2018.0,7.0
2018-07-26,Entropik,IT,Bengaluru,"Bharat Innovation, IDFC-Parampara Capital, Arthavida Ventures, Jitendra Gupta & Others",Seed/Angel Funding,1100000.0,2018.0,7.0
2018-07-26,TheCapitalNet,Fin-Tech,Hyderabad,Lindwall Family Investments LLC (LFI),Private Equity,500000.0,2018.0,7.0
2018-07-30,Shuttl,Consumer Internet,Gurgaon,Amazon Alexa Fund & Dentsu Ventures,Private Equity,11000000.0,2018.0,7.0
2018-07-30,Cure Fit,Consumer Internet,Bengaluru,"IDG Ventures, Accel Partners, Kalaari Capital and Others",Private Equity,120000000.0,2018.0,7.0
2018-07-31,Five Star Group,Fin-Tech,Chennai,"TPG, Norwest Venture Partners, Sequoia Capital & Matrix Partners",Private Equity,100000000.0,2018.0,7.0
2018-07-31,Healthsignz,Healthcare,Hyderabad,Kantilal Patel,Seed/Angel Funding,5000000.0,2018.0,7.0
2018-06-01,CoinTribe,Finance,Gurgaon,"Sabre Partners, Puneet Dalmia & Others",Private Equity,10000000.0,2018.0,6.0
2018-06-04,Digiconectt,Technology,Bengaluru,Aspire Logistics LLC,Seed/Angel Funding,125000.0,2018.0,6.0
2018-06-07,Annapurna Finance,Finance,Bhubneswar,Oman India Joint Investment Fund (OIJIF),Private Equity,23000000.0,2018.0,6.0
2018-06-07,Meesho,Consumer Internet,Bengaluru,"Sequoia Capital India, SAIF Partners, Y Combinator and Venture Highway",Private Equity,11500000.0,2018.0,6.0
2018-06-10,AyeFinance,Finance,Gurgaon,"CapitalG, SAIF Partners and LGT Impact Ventures",Private Equity,21500000.0,2018.0,6.0
2018-06-12,Alpha Capital,Finance,Mumbai,Alpha Capital,Private Equity,14800000.0,2018.0,6.0
2018-06-12,eshakti,eCommerce,Chennai,Paragon Partners,Private Equity,10100000.0,2018.0,6.0
2018-06-12,Daily Ninja,Consumer Internet,Bengaluru,Saama Capital and Sequoia Capital,Seed/Angel Funding,3000000.0,2018.0,6.0
2018-06-13,NirogStreet,Healthcare,Gurgaon,"Spiral Ventures, Subho Ray and Samir Kumar",Seed/Angel Funding,300000.0,2018.0,6.0
2018-06-13,Nivesh,Finance,Noida,"LetsVenture, Rajan Anandan, Basab Pradhan, Vivek Khare and Bijoy George",Seed/Angel Funding,450000.0,2018.0,6.0
2018-06-14,HomeLane,Consumer Internet,Bengaluru,Brand Capital,Seed/Angel Funding,3450000.0,2018.0,6.0
2018-06-14,Network Intelligence,Technology,Mumbai,Helix Investments,Private Equity,4800000.0,2018.0,6.0
2018-06-18,Tynor Othontics,Healthcare,Chandigarh,Lighthouse Funds & Thuasne Participations,Private Equity,21000000.0,2018.0,6.0
2018-06-18,Elucidata,IT,Delhi & Cambridge,Hyperplane Venture Capital and several angel investors,Seed/Angel Funding,1700000.0,2018.0,6.0
2018-06-19,RentSher,Consumer Internet,Bengaluru,"Shorooq Investments, LetsVenture & Others",Seed/Angel Funding,1100000.0,2018.0,6.0
2018-06-20,Drip capital,Finance,Mumbai,"Accel Partners, Sequoia India, Y Combinator and others.",Private Equity,15000000.0,2018.0,6.0
2018-06-22,WickedRide,Consumer Internet,Bengaluru,"Sequoia Capital, Accel Partners & Raghunandan Gangappa",Private Equity,9100000.0,2018.0,6.0
2018-06-25,PolicyBazaar,Consumer Internet,Gurgaon,SoftBank,Private Equity,200000000.0,2018.0,6.0
2018-06-25,HipBar,Consumer Internet,Bengaluru,Diageo India,Private Equity,4000000.0,2018.0,6.0
2018-06-25,Sqqrl,Finance,Gurgaon,Equanimity Venture Fund,Seed/Angel Funding,1000000.0,2018.0,6.0
2018-06-26,Paytm,Technology,Noida,One 97 Communications,Private Equity,8950000.0,2018.0,6.0
2018-06-26,Sigtuple,Healthcare,Bengaluru,"Accel Partners, IDG Venture, Endiya Partners, pi Ventures, VH Capital, Axilor Ventures and Binny Bansal",Private Equity,19000000.0,2018.0,6.0
2018-06-27,Wow Express,Technology,Mumbai,Undisclosed Existing Investors As Well As The Tamarind Family Trust,Private Equity,4500000.0,2018.0,6.0
2018-06-28,Front Desk AI,Technology,Bengaluru,Speciale Invest & Others,Seed/Angel Funding,1100000.0,2018.0,6.0
2018-06-28,Edureka,Ed-Tech,Bengaluru,Leo Capital,Seed/Angel Funding,2000000.0,2018.0,6.0
2018-05-02,OpenTap,Finance,Chennai,Unknown High Net-Worth Individuals,Seed/Angel Funding,450000.0,2018.0,5.0
2018-05-02,Bizongo,Consumer Internet,Mumbai,"B Capital, International Finance Corporation (IFC), Accel Partners and IDG Ventures",Private Equity,22000000.0,2018.0,5.0
2018-05-03,Disprz,IT,Chennai,"IL&FS Private Equity, Kae Capital & Others",Seed/Angel Funding,2500000.0,2018.0,5.0
2018-05-07,PaisaDukan,Consumer Internet,Mumbai,,Seed/Angel Funding,225000.0,2018.0,5.0
2018-05-09,i3sysytems,Technology,Mumbai,"Unitus Ventures, Behram Vakil and Jerxis Vandrevala",Seed/Angel Funding,1000000.0,2018.0,5.0
2018-05-11,Earth Food,Consumer Internet,Pune,Rairah Corporation,Seed/Angel Funding,949000.0,2018.0,5.0
2018-05-14,Nykaa,Consumer Internet,Mumbai,"Sunil Munjal, Harsh Mariwala, Dalip Pathak and Others",Private Equity,24000000.0,2018.0,5.0
2018-05-16,mfine,Healthcare,Bengaluru,"Prime Venture Partners, Stellaris Venture Partners and Mayur Abhaya Srisrimal",Private Equity,4200000.0,2018.0,5.0
2018-05-21,Rocketium,Technology,Bengaluru,Blume ventures,Seed/Angel Funding,300000.0,2018.0,5.0
2018-05-21,MilkBasket,Technology,Gurgaon,"Kalaari Capital, Unilever Ventures and Blume Ventures",Private Equity,7000000.0,2018.0,5.0
2018-05-22,Vola,Finance,Bengaluru,Credika and unnamed angel investors,Seed/Angel Funding,500000.0,2018.0,5.0
2018-05-22,Cashkumar,Consumer Internet,Bengaluru,LetsVenture,Seed/Angel Funding,735000.0,2018.0,5.0
2018-05-23,Edyoo,eCommerce,Bengaluru,RS Shanbag,Seed/Angel Funding,735000.0,2018.0,5.0
2018-05-23,Aashiyaan,Finance,Kolkata,"Insistor, Oikocredit",Seed/Angel Funding,2000000.0,2018.0,5.0
2018-05-24,Smartivity,Ed-tech,Delhi,"Ashish Kacholi, S Chand Group",Seed/Angel Funding,2000000.0,2018.0,5.0
2018-05-24,Bonphulapl,Clean-tech,Delhi,Atul Gupta and Saurabh Rastogi,Seed/Angel Funding,293000.0,2018.0,5.0
2018-05-27,Acko,Consumer Internet,Mumbai,"Amazon, Ashish Dhawan, Catamaran Ventures, NR Narayana Murthy.",Seed/Angel Funding,12000000.0,2018.0,5.0
2018-05-28,HWell24,Healthcare,Mumbai,"Prashant Mehta, Mitali Pawar, Nikhil G and Bhavesh P, R Ranganathan, ONCOTRUST and Medintel Services Pvt. Ltd",Seed/Angel Funding,200000.0,2018.0,5.0
2018-05-29,Toffee,Consumer Internet,Gurgaon,"Kalaari Capital, Omidyar Network and Accion Venture Labs",Seed/Angel Funding,1500000.0,2018.0,5.0
2018-05-29,Tonetag,Technology,Bengaluru,Amazon Inc. and Mastercard,Private Equity,8000000.0,2018.0,5.0
2018-05-30,Stellaps,Technology,Bengaluru,"IndusAge Partners, Bill & Melinda Gates Foundation, Qualcomm Venture, ABB Technology Ventures, Omnivore, Blume Ventures, Venture Highway and BEENEXT",Private Equity,14000000.0,2018.0,5.0
2018-05-31,Credright,Consumer Internet,Hyderabad,"Accion Venture Lab, YourNest Venture Capital And Other Angel Investors",Seed/Angel Funding,1300000.0,2018.0,5.0
2018-04-02,Fitternity,Consumer Internet,Mumbai,"Exfinity Venture, Saha fund Partners, Arihant Patni of Patni Family Office, Anjali Bansal, Shardul Amarchand Mangaldas, Satish Khanna and Taparia family office.",Private Equity,2000000.0,2018.0,4.0
2018-04-02,Synctag,Technology,Coimbatore,Subhkam Ventures and Mohit Khadaria,Seed/Angel Funding,307600.0,2018.0,4.0
2018-04-02,Finzy,Consumer Internet,Bengaluru,,Seed/Angel Funding,1300000.0,2018.0,4.0
2018-04-04,Varthana,Finance,Bengaluru,"ChrysCapital, Existing investors, Elevar Equity, LGT Impact, Omidyar Network and Kaizen Private Equity also participated in the round",Private Equity,55000000.0,2018.0,4.0
2018-04-05,IndigoLearn,Ed-Tech,Hyderabad,"Maheshwar Peri, founder and chairman of career information portal Careers360, and Jamshed Jeejeebhoy, director at Byramjee Jeejeebhoy Pvt. Ltd were among the angels",Seed/Angel Funding,150000.0,2018.0,4.0
2018-04-05,Vedantu,Ed-Tech,Bengaluru,"Accel Partners, Tiger Global And Others",Private Equity,10000000.0,2018.0,4.0
2018-04-09,Kaleidofin,Fiinance,Chennai,Omidyar Network. Blume Ventures and Professor Shlomo Ben-Haim,Seed/Angel Funding,2800000.0,2018.0,4.0
2018-04-09,Pipabella,Consumer Internet,Mumbai,Fireside Ventures,Seed/Angel Funding,1000000.0,2018.0,4.0
2018-04-09,Kriger Campus,Ed-Tech,Delhi,,Seed/Angel Funding,46140.0,2018.0,4.0
2018-04-10,TravelTriangle,Consumer Internet,Gurgaon,"Fundamentum, SAIF Partners, Bessemer Venture Partners, RB investments & Others",Private Equity,12000000.0,2018.0,4.0
2018-04-12,Letsmd,Healthcare,Delhi,"SRI Capital, Waterbridge Ventures and ThinKuvate",Seed/Angel Funding,1000000.0,2018.0,4.0
2018-04-12,AyeFinance,Finance,Gurgaon,"BlueOrchard Finance Ltd, Hinduja Leyland Finance and IntelleGrow",Debt Funding,4600000.0,2018.0,4.0
2018-04-13,mintifi,Finance,Mumbai,Lok Capital,Seed/Angel Funding,2000000.0,2018.0,4.0
2018-04-16,icanstay,Consumer Internet,Delhi,Mr. Manoj Prasad,Seed/Angel Funding,500000.0,2018.0,4.0
2018-04-18,Coverfox,Consumer Internet,Mumbai,"International Finance Corporation, Transamerica and others.",Private Equity,22000000.0,2018.0,4.0
2018-04-19,Fyle Technologies,Technology,Bengaluru,Pravega Ventures and Beenext,Seed/Angel Funding,1100000.0,2018.0,4.0
2018-04-19,True Balance,Technology,Gurgaon,"Line Ventures Corporation, Line Corp, Naver, Shinhan Bank and TS Investment",Private Equity,23000000.0,2018.0,4.0
2018-04-22,Doxper,Healthcare,Mumbai,Vidal Healthcare,Seed/Angel Funding,1900000.0,2018.0,4.0
2018-04-22,Nykaa,Consumer Internet,Mumbai,"Sunil Munjal, Harsh Mariwala, Dalip Pathak and Others",Private Equity,11000000.0,2018.0,4.0
2018-04-23,Mihuru,Finance,Mumbai,,Seed/Angel Funding,150000.0,2018.0,4.0
2018-04-23,Capital Float,Finance,Bengaluru,Amazon,Private Equity,22000000.0,2018.0,4.0
2018-04-25,Trip shelf,Consumer Internet,Delhi,"GEMS Advisory, Alok Mittal and Sachin Bhatia",Seed/Angel Funding,246000.0,2018.0,4.0
2018-04-26,POPxo,Technology,Delhi,"Neoplux, OPPO, IDG Ventures India, Kalaari Capital, GREE Ventures and Summit Media",Private Equity,5500000.0,2018.0,4.0
2018-04-27,1mg,Consumer Internet,Gurgaon,"Sequoia Capital, Maverick Capital Ltd and HBM Healthcare Investments Ltd",Private Equity,10000000.0,2018.0,4.0
2018-04-30,Samco,Consumer Internet,Mumbai,Bay Capital Investments and Others,Private Equity,7500000.0,2018.0,4.0
2018-04-30,MyLoanCare,Finance,Gurgaon,SAR Group,Seed/Angel Funding,978000.0,2018.0,4.0
2018-03-01,Buddy4studdy,Consumer Internet,Noida,CBA Capital and others,Private Equity,3000000.0,2018.0,3.0
2018-03-01,Urban Ladder,eCommerce,Bengaluru,"Sequoia Capital, SAIF Partners and Kalaari capital",Private Equity,12000000.0,2018.0,3.0
2018-03-03,Kuvera,Consumer Internet,Bengaluru,"Baskar Subramanian, Saket Kumar, Gaurav Suri and Ankit Kesarwani",Seed/Angel Funding,250000.0,2018.0,3.0
2018-03-04,Gramophone,Technology,Indore,InfoEdge,Seed/Angel Funding,1000000.0,2018.0,3.0
2018-03-05,Wellthy,Healthcare,Mumbai,"Ranjan Pai, Apoorva Patni, Beenext Ventures,GrowX Ventures",Private Equity,2100000.0,2018.0,3.0
2018-03-05,MedGenome,Healthcare,Bengaluru,"HDFC Life, HDFC Asset Management",Private Equity,10000000.0,2018.0,3.0
2018-03-05,Finova Capital,Consumer Internet,Jaipur,Sequoia Capital,Private Equity,6000000.0,2018.0,3.0
2018-03-05,Hotelogix,Technology,Noida,"Vertex Ventures, Accel Partners and Saama Capital",Private Equity,5000000.0,2018.0,3.0
2018-03-04,Livehealth,Consumer Internet,Pune,Nexus Venture Partners,Seed/Angel Funding,1100000.0,2018.0,3.0
2018-03-06,Ad2pro,Technology,Chennai,Avendus Finance Pvt. Ltd,Debt Funding,9700000.0,2018.0,3.0
2018-03-06,Coverfox,Consumer Internet,Mumbai,Aegon NV,Private Equity,7600000.0,2018.0,3.0
2018-03-08,Pepperfry,Consumer Internet,Mumbai,State Street Global Advisors,Private Equity,38400000.0,2018.0,3.0
2018-03-08,Magicpin,Consumer Internet,Gurgaon,Trifecta Capital,Debt Funding,1000000.0,2018.0,3.0
2018-03-12,HealthCare,Consumer Internet,Mumbai,HR Fund,Seed/Angel Funding,1000000.0,2018.0,3.0
2018-03-13,PineLabs,Technology,Mumbai,"Actis, Altimeter Capital",Private Equity,82000000.0,2018.0,3.0
2018-03-14,AvailFinance,Consumer Internet,Bengaluru,"Matrix Partners, Bhavish Aggarwal, Ankit Bhati, Binny Bansal, Kunal Shah and Manish Patel.",Private Equity,17200000.0,2018.0,3.0
2018-03-15,Grofers,Consumer Internet,Gurgaon,SoftBank,Private Equity,62000000.0,2018.0,3.0
2018-03-19,Fingerlix,Consumer Internet,Mumbai,Alteria Capital,Debt Funding,1310000.0,2018.0,3.0
2018-03-19,Karma Healthcare,Healthcare,Udaipur,"1Crowd, Ankur Capital",Seed/Angel Funding,500000.0,2018.0,3.0
2018-03-19,Zappfresh,Food & Beverages,Gurgaon,"Amit Burman, SIDBI Venture Capital",Seed/Angel Funding,3000000.0,2018.0,3.0
2018-03-19,CustomerSucessBox,Technology,Gurgaon,"Pi Ventures, Axilor Ventures",Seed/Angel Funding,1000000.0,2018.0,3.0
2018-03-22,Chargebee,Technology,Chennai,"Insight Venture Partners, Accel Partners and Tiger Global Management.",Private Equity,18000000.0,2018.0,3.0
2018-03-22,i2i Funding,Consumer Internet,Noida,SucSEED Venture Partners,Seed/Angel Funding,768000.0,2018.0,3.0
2018-03-22,Slang Labs,Technology,Bengaluru,Endiya Partners,Seed/Angel Funding,1240000.0,2018.0,3.0
2018-03-26,Cash Suvidha,Consumer Internet,Delhi,"Initia Holdings,Vipin Agarwal and others.",Seed/Angel Funding,1000000.0,2018.0,3.0
2018-03-28,Roadcast,Technology,Delhi,,Private Equity,250000.0,2018.0,3.0
2018-03-28,Smartcoin,Finance,Bengaluru,"Accion Venture Lab, Unicorn India Ventures and ISME ACE.",Seed/Angel Funding,2000000.0,2018.0,3.0
2018-03-27,The Print,Media,Delhi,Ratan Tata,Seed/Angel Funding,535000.0,2018.0,3.0
2018-03-27,DriveU,Technology,Bengaluru,Amit Singhal and Unitus Seed Fund,Private Equity,3000000.0,2018.0,3.0
2018-02-01,BigBasket,Consumer Internet,Bengaluru,"Alibaba, Helion Venture Partners, Bessemer Venture Partners, Ascent Capital",Private Equity,300000000.0,2018.0,2.0
2018-02-01,Zomato,Food and Beverages,Gurgaon,Ant Financials,Private Equity,200000000.0,2018.0,2.0
2018-02-05,Pratilipi,Publishing,Bengaluru,Omidyar Network,Private Equity,4300000.0,2018.0,2.0
2018-02-05,Asia Institute Of Medical Science,Healthcare,Faridabad,CDC Group Plc,Private Equity,21000000.0,2018.0,2.0
2018-02-05,CollegeDekho,Consumer Internet,Gurgaon,"Man Capital LLP, Girnar Software, Others",Private Equity,2000000.0,2018.0,2.0
2018-02-06,Healthi,Healthcare,Bengaluru,Montane Ventures,Private Equity,3100000.0,2018.0,2.0
2018-02-07,Swiggy,Food and Beverages,Bengaluru,Naspers,Private Equity,100000000.0,2018.0,2.0
2018-02-08,Shape,Healthcare,Pune,Sandeep Mathur,Seed / Angle Funding,100000000.0,2018.0,2.0
2018-02-08,Icertis,Consumer Internet,Pune,Meritech Capital Partners,Private Equity,50000000.0,2018.0,2.0
2018-02-09,healthifyme,Healthcare,Bengaluru,Sistema Asia Fund,Private Equity,12000000.0,2018.0,2.0
2018-02-09,Rupeek,Consumer Internet,Bengaluru,"Accel Partners, Sequoia Capital",Private Equity,6830000.0,2018.0,2.0
2018-02-12,Lendingkart,Finance,Bengaluru,Fullerton Financial Holdings Pte Ltd & Others,Private Equity,87000000.0,2018.0,2.0
2018-02-12,Cashify,eCommerce,Gurgaon,Trifecta Capital,Debt Funding,935089.0,2018.0,2.0
2018-02-13,holachef,Food and Beverages,Mumbai,Ashok Kumar Gajera,Seed / Angle Funding,311200.0,2018.0,2.0
2018-02-13,IMAX Program,Ed-Tech,Bengaluru,"Michael & Susan Dell Foundation, LGT Impact Ventures",Private Equity,13500000.0,2018.0,2.0
2018-02-14,Littlemore,Ed-Tech,Chennai,Kalpavriksh,Private Equity,3000000.0,2018.0,2.0
2018-02-14,Toppr,Ed-Tech,Mumbai,Axis Capital Partners,Private Equity,100000.0,2018.0,2.0
2018-02-14,Shirsa Labs,Ed-Tech,Mumbai,"Dewang Neralla, Mahesh Kothurkar,Atul Agarwal",Private Equity,500000.0,2018.0,2.0
2018-02-14,MoneyOnMobile,Technology,Mumbai,S7 Group,Private Equity,5000000.0,2018.0,2.0
2018-02-15,PetSutra,Consumer Internet,Gurgaon,Michael Patrick Hickey,Seed/Angel Funding,148434.0,2018.0,2.0
2018-02-15,Infibeam,eCommerce,Ahmedabad,Network 18,Private Equity,6230000.0,2018.0,2.0
2018-02-16,happay,Finance,Bengaluru,Sequoia and Jerry Yang,Seed/Angel Funding,250000.0,2018.0,2.0
2018-02-16,Fincash,Finance,Mumbai,"Mohammed Khan, Sameer Narayan & Others",Seed/Angel Funding,150000.0,2018.0,2.0
2018-02-19,AyeFinance,Finance,Gurgaon,"Hinduja Leyland Finance, IntelleGrow",Private Equity,3800000.0,2018.0,2.0
2018-02-20,Agricxlab,Agriculture,Mumbai,Ankur Capital,Seed/Angel Funding,500000.0,2018.0,2.0
2018-02-21,Udaan,eCommerce,Bengaluru,Lightspeed & Yuri Milner,Private Equity,50000000.0,2018.0,2.0
2018-02-21,Capillary,IT,Bengaluru,"Wargburg Pincus, Sequoia",Private Equity,20000000.0,2018.0,2.0
2018-02-21,The Healthy Billions,Healthcare,Gurgaon,"Blume Ventures, HealthQuad and Fireside Ventures",Private Equity,2100000.0,2018.0,2.0
2018-02-26,Avishkaar Box,Ed-Tech,Delhi,Auxano Deals,Private Equity,772500.0,2018.0,2.0
2018-02-26,Planys Technologies,Technology,Chennai,"Kris Gopalakrishnan, Pratithi Investment Trust, MEMG Family Office, S Gopal",Private Equity,1040000.0,2018.0,2.0
2018-02-27,Trilyo,Technology,Mumbai,"Startup Buddy,Amit Manocha and others",Seed/Angel Funding,250000.0,2018.0,2.0
2018-02-28,Gaana,Technology,Gurgaon,"Tencent Holdings Ltd, Times Internet",Private Equity,115000000.0,2018.0,2.0
2018-02-28,Credy,IT,Bengaluru,"Y Combinator, Khosla Ventures, Vy Capital and others",Seed/Angel Funding,1400000.0,2018.0,2.0
2018-01-04,EarlySalary,Finance,Pune,Eight Roads Ventures India,Private,15700000.0,2018.0,1.0
2018-01-09,Lendingkart,Finance,Ahmedabad,Nederlandse Financierings-Maatschappij voor Ontwikkelingslanden N.V.,Debt Funding,4700000.0,2018.0,1.0
2018-01-09,Kinsane Entertainment Inc,Entertainment,Mumbai,,Seed/Angel Funding,2500000.0,2018.0,1.0
2018-01-10,Tapzo,Technology,Bengaluru,RuNet & Other,Private Equity,1930000.0,2018.0,1.0
2018-01-10,Appario Retail Pvt Ltd.,eCommerce,Delhi,Amazon-Patni JV,Private Equity,18840000.0,2018.0,1.0
2018-01-10,Samunnati,Finance,Chennai,"responsAbility, Elevar Equity and Accel Partners",Private Equity,23500000.0,2018.0,1.0
2018-01-10,Sahajanand Medical Technologies,Technology,Surat,Morgan Stanley Private Equity Asia,Private Equity,36230000.0,2018.0,1.0
2018-01-12,Kuants,Technology,Gurgaon,"Pankaj Chopra, Ankush Gupta",Angel / Seed Funding,80000.0,2018.0,1.0
2018-01-12,Razorpay,Technology,Bengaluru,"Tiger Global, Y Combinator",Private Equity,20000000.0,2018.0,1.0
2018-01-15,Streak,Technology,Bengaluru,"Indian fintech fund, Rainmatter",Angel / Seed Funding,354600.0,2018.0,1.0
2018-01-15,pi Ventures,Finance,Bengaluru,"Sunil Kant Munjal, Hero Electronix\\xe2\\x80\\x99s corporate financing arm, Electronic Development Fund",Private Equity,25000000.0,2018.0,1.0
2018-01-15,Newgen Software,Technology,Delhi,"Goldman Sachs, hedge fund & Others",Private Equity,20000000.0,2018.0,1.0
2018-01-17,Rubix,Technology,Pune,Polaris Fund,Private Equity,1000000.0,2018.0,1.0
2018-01-18,ShareChat,Technology,Bengaluru,"Xiaomi Singapore, Shunwei Capital",Private Equity,18200000.0,2018.0,1.0
2018-01-22,Paperflite,Technology,Chennai,The Chennai Angels,Angel / Seed Funding,400000.0,2018.0,1.0
2018-01-22,HungerBox,Consumer Internet,Bengaluru,Lionrock Capital,Private Equity,2500000.0,2018.0,1.0
2018-01-22,OptaCredit,Finance,Chennai,DMI Finance,Private Equity,4000000.0,2018.0,1.0
2018-01-22,AEON Learning,Technology,Bengaluru,Dr. Ranjan Pai,Private Equity,3200000.0,2018.0,1.0
2018-01-23,Milkbasket,eCommerce,Gurgaon,Unilever Ventures,Private Equity,3000000.0,2018.0,1.0
2018-01-24,NeoGrowth Credit,Finance,Mumbai,"LeapFrog Investments, Aspada Investment, Quona Capital",Private Equity,47000000.0,2018.0,1.0
2018-01-24,Rao IIT Academy,Education,Mumbai,Avendus Finance,Structured Debt,8600000.0,2018.0,1.0
2018-01-24,Aye Finance,Finance,Gurgaon,IFMR Capital,Term Loan,6240000.0,2018.0,1.0
2018-01-25,GreyAtom,Technology,Mumbai,Pravega Ventures,Private Equity,1000000.0,2018.0,1.0
2018-01-26,Axio,Healthcare,Bengaluru,RNT Capital,Private Equity,7400000.0,2018.0,1.0
2018-01-29,eKincare,Healthcare,Hyderabad,"Ventureast, Endiya Partners, Eight Roads Ventures, Touchstone Equities, BVR Mohan Reddy",Private Equity,1500000.0,2018.0,1.0
2018-01-29,The Wedding Brigade,Consumer internet,Mumbai,Blume Ventures,Private Equity,1000000.0,2018.0,1.0
2018-01-30,PeeSafe,Healthcare,Gurgaon,"Shivani Singh, Rahul Maroli, Mitesh Shah, Venture Catalysts, Alfa Capital, Green Shots Capital, Real Time Ventures.",Private Equity,1000000.0,2018.0,1.0
2018-01-30,BrowserStack,Technology,Mumbai,Accel Partners,Private Equity,50000000.0,2018.0,1.0
2018-01-30,Scapic,Technology,Bengaluru,"Axilor Ventures, Newfort Capital",Angel / Seed Funding,500000.0,2018.0,1.0
2018-01-30,MoneyOnMobile,Technology,Mumbai,Undisclosed Investors,Private Equity,7600000.0,2018.0,1.0
2018-01-30,CureFit,Healthcare,Bengaluru,"HDFC Bank, Axis Bank",Debt Funding,10000000.0,2018.0,1.0
2018-01-31,iNurture,Technology,Bengaluru,Ventureast,Private Equity,4400000.0,2018.0,1.0
2017-12-05,Dunzo,Technology,Bengaluru,Google,Private Equity,12300000.0,2017.0,12.0
2017-12-05,Tata Housing,Real Estate,Mumbai,Hines,Private Equity,23000000.0,2017.0,12.0
2017-12-05,HandyTrain,Technology,Goa,NB Ventures,Private Equity,1000000.0,2017.0,12.0
2017-12-05,Mobycy,Technology,Gurgaon,Undisclosed Investors,Seed/Angel Funding,500000.0,2017.0,12.0
2017-12-06,Greenlight Planet,Technology,Mumbai,"Apis Partner, Eight Roads Ventures, Bamboo Capital Partners",Private Equity,60000000.0,2017.0,12.0
2017-12-06,Fintobox,Technology,Chennai,Lightbox,Private Equity,7000000.0,2017.0,12.0
2017-12-07,Mswipe,Technology,Mumbai,Eduardo Saverin,Private Equity,10000000.0,2017.0,12.0
2017-12-07,The Label Life,eCommerce,Mumbai,Kalpvriksh,Private Equity,3100000.0,2017.0,12.0
2017-12-07,Cygnus Hospitals,Healthcare,Gurgaon,Somerset Indus Capital Ventures,Seed/Angel Funding,750000.0,2017.0,12.0
2017-12-07,eShakti,eCommerce,Chennai,IDG Ventures,Debt Funding,2300000.0,2017.0,12.0
2017-12-08,Inshorts,Technology,Noida,Tiger Global,Private Equity,5000000.0,2017.0,12.0
2017-12-11,Vahdam Tea,eCommerce,Delhi,"Singapore Angel Network, Mumbai Angel",Private Equity,1500000.0,2017.0,12.0
2017-12-11,Logic Roots,Technology,Mumbai,Village Capital,Seed/Angel Funding,50000.0,2017.0,12.0
2017-12-11,Project Mudra,Technology,Bengaluru,Village Capital,Seed/Angel Funding,50000.0,2017.0,12.0
2017-12-11,Furlenco,Technology,Bengaluru,Aamir Khan,Debt Funding,1200000.0,2017.0,12.0
2017-12-12,I Can Stay,Technology,Delhi,HT Media,Private Equity,1800000.0,2017.0,12.0
2017-12-12,Simility,Technology,Hyderabad,Accel Partners,Private Equity,17500000.0,2017.0,12.0
2017-12-12,Shopholix,eCommerce,Gurgaon,Munesh Khanna,Seed/Angel Funding,233000.0,2017.0,12.0
2017-12-13,MindTickle,Technology,Pune,Canaan Partners,Private Equity,27000000.0,2017.0,12.0
2017-12-13,Nazara Technologies,Technology,Mumbai,Rakesh Jhunjhunwala,Private Equity,27000000.0,2017.0,12.0
2017-12-13,DocsApp,Technology,Bengaluru,Bessemer Venture Partners,Private Equity,7200000.0,2017.0,12.0
2017-12-14,Tea Box,eCommerce,Bengaluru,RB Investments,Private Equity,7000000.0,2017.0,12.0
2017-12-14,Transversal Technologies,Technology,Bengaluru,Matrix Partners,Private Equity,6000000.0,2017.0,12.0
2017-12-14,Curofy,Technology,Gurgaon,RoundGlass Partners LLC,Seed/Angel Funding,250000.0,2017.0,12.0
2017-12-14,HomeLane,eCommerce,Bengaluru,"Accel Partners, Sequoia Capital, RB Investments",Private Equity,10000000.0,2017.0,12.0
2017-12-15,Purplle,eCommerce,Mumbai,"Mountain Pain Capital, Suncoast Investments",Seed/Angel Funding,537000.0,2017.0,12.0
2017-12-15,Cash Suvidha,eCommerce,Delhi,,Debt Funding,2700000.0,2017.0,12.0
2017-12-19,Springboard,Technology,Bengaluru,"Costanoa, Learn Capital, Jyoti Bansal",Private Equity,9500000.0,2017.0,12.0
2017-12-19,9Stacks,Technology,Delhi,"Swati Gupta, Purnima Khandelwal, Maheshwar Peri, Sanjay Singh",Private Equity,1500000.0,2017.0,12.0
2017-12-20,Your Quote,Technology,Bengaluru,"Axilor Ventures, E-City VEntures Atul Goel",Private Equity,1000000.0,2017.0,12.0
2017-12-20,Spandana Sphoorty,Finance,Hyderabad,"""Kedaraa Capital, Ontario Teachers\\'""",Private Equity,19500000.0,2017.0,12.0
2017-12-21,Indus OS,Technology,Mumbai,Omidyar Network,Private Equity,4000000.0,2017.0,12.0
2017-12-21,EasyEcom,eCommerce,Bengaluru,"Ambarish Gupta, Aneesh Reddy, Bold Ventures, Vona Investments",Seed/Angel Funding,150000.0,2017.0,12.0
2017-12-26,Specsmakers,eCommerce,Chennai,Eight Roads Ventures India,Private Equity,10000000.0,2017.0,12.0
2017-12-27,Foyr.com,Technology,Hyderabad,Jones Lang LaSalle,Private Equity,3800000.0,2017.0,12.0
2017-11-02,Prest Loans,Finance,Delhi,"Manish Poddar, Arun Garg, Parmeshwar Sharma",Seed Funding,570000.0,2017.0,11.0
2017-11-03,Vagupu,Technology,Bengaluru,Undisclosed Investors,Seed Funding,1000000.0,2017.0,11.0
2017-11-03,Kalpnik Technologies,Technology,Bengaluru,Venture Catalysts,Seed Funding,500000.0,2017.0,11.0
2017-11-04,Hevo Data,Technology,Bengaluru,IDG Ventures India,Private Equity,1000000.0,2017.0,11.0
2017-11-07,DocTalk,Technology,Mumbai,"Matrix Partners India, Khosla Ventures",Private Equity,5000000.0,2017.0,11.0
2017-11-07,CoveIoT,Technology,Bengaluru,"Titan Co Ltd, Tata Group\\xe2\\x80\\x99s watch and jewellery retailing firm",Private Equity,5000000.0,2017.0,11.0
2017-11-08,TalentEdge,Technology,Bengaluru,Lumis Partners,Private Equity,7600000.0,2017.0,11.0
2017-11-08,Fisdom,Finance,Bengaluru,Quona Capital Management,Private Equity,3000000.0,2017.0,11.0
2017-11-08,FarmLink,eCommerce,Mumbai,"Pioneering Ventures, Syngenta AG",Private Equity,3000000.0,2017.0,11.0
2017-11-08,OpenApp,Technology,Bengaluru,"Axilor Ventures, Kumar Vembu",Private Equity,3600000.0,2017.0,11.0
2017-11-09,NoPaperForms,Technology,Delhi,Info Edge,Seed Funding,872000.0,2017.0,11.0
2017-11-10,Qubole,Technology,Bengaluru,"Singtel, Innov8, Harmony Partners",Private Equity,25000000.0,2017.0,11.0
2017-11-13,Universal Sportsbiz Pvt. Ltd,eCommerce,Mumbai,Accel Partners,PrivateEquity,15000000.0,2017.0,11.0
2017-11-14,Active AI,Technology,Bengaluru,Vertex Ventures,Private Equity,8250000.0,2017.0,11.0
2017-11-15,Sumeru,Technology,Bengaluru,Undisclosed Investors,Seed Funding,900000.0,2017.0,11.0
2017-11-15,Omnia Information,Technology,Delhi,Omidyar Network,Private Equity,3000000.0,2017.0,11.0
2017-11-17,Kanhaiya,Inspiration,Hyderabad,Undisclosed Investors,Seed/Angel Funding,200000.0,2017.0,11.0
2017-11-20,ONN Bikes,Technology,Mumbai,Z Nation Lab,Seed/Angel Funding,692000.0,2017.0,11.0
2017-11-21,Rapido,Technology,Hyderabad,"Skycatcher Fund, Aravind Sanka",Seed/Angel Funding,329230.0,2017.0,11.0
2017-11-21,Heckyl,Technology,Mumbai,"Notion Capital, IDG Ventures",Private Equity,2700000.0,2017.0,11.0
2017-11-21,Nuvepro,Technology,Mumbai,1Crowd,Seed/Angel Funding,400000.0,2017.0,11.0
2017-11-21,RedBook,Technology,Mumbai,"Vida Ventures, Dr. Aniruddha Malpani",Seed/Angel Funding,250000.0,2017.0,11.0
2017-11-21,Portea,Healthcare,Bengaluru,"Sabre Partners, MEMG CDC",Private Equity,26000000.0,2017.0,11.0
2017-11-21,Epiq Capital,Finance,Mumbai,Global Institutional Investors,Private Equity,200000000.0,2017.0,11.0
2017-11-24,IDG Ventures,Finance,Bengaluru,Uniliver Ventures,Private Equity,10000000.0,2017.0,11.0
2017-11-24,TempGo,Technology,Goa,Javelin StartupO Victory Fund,Seed/Angel Funding,250000.0,2017.0,11.0
2017-11-27,Edelweiss,Finance,Mumbai,Undisclosed investors,Private Equity,270000000.0,2017.0,11.0
2017-11-27,ERA,Technology,Mumbai,Amit Patni,Seed/Angel Funding,39000.0,2017.0,11.0
2017-11-27,Smaaash,Technology,Mumbai,Sixth Sense Ventures,Private Equity,3800000.0,2017.0,11.0
2017-11-28,Chumbak,Lifestyle,Bengaluru,Gaja Capital,Private Equity,13000000.0,2017.0,11.0
2017-11-28,FR8,Technology,Chennai,IFMR Capital,Debt Funding,1500000.0,2017.0,11.0
2017-11-28,MobieFit,Healthcare,Goa,"NB Ventures, MediAssist",Seed/Angel Funding,1350000.0,2017.0,11.0
2017-11-28,Stanza Living,Technology,Delhi,"Matrix PArtners, Accel",Private Equity,2000000.0,2017.0,11.0
2017-10-03,Ola Cabs,Consumer Internet,Bengaluru,"Tencent, SoftBank",Private Equity,110000000.0,2017.0,10.0
2017-10-04,CollPoll,Consumer Internet,Bengaluru,Sprout Angels,Seed Funding,306000.0,2017.0,10.0
2017-10-04,PhonePe,Consumer Internet,Bengaluru,Flipkart,Private Equity,38700000.0,2017.0,10.0
2017-10-05,Little Black Book,Consumer Internet,Delhi,"Blume Ventures, IDG Ventures & Indian Angel Network",Private Equity,1000000.0,2017.0,10.0
2017-10-05,Oorjan,Technology,Mumbai,Globevestor,Seed Funding,450000.0,2017.0,10.0
2017-10-05,Zefo,eCommerce,Bengaluru,"Sequoia India, Helion Venture Partners, Beenext",Private Equity,9200000.0,2017.0,10.0
2017-10-06,Yaantra,eCommerce,Delhi,Carpediem Capital,Private Equity,3100000.0,2017.0,10.0
2017-10-06,Farm Taaza,Technology,Bengaluru,"Epsilon Venture Partners, Tara India Fund IV and others",Private Equity,8000000.0,2017.0,10.0
2017-10-06,Drivezy,Consumer Internet,Bengaluru,"Das Capital, Axan Partners, Das Capital and IT Farm",Private Equity,10000000.0,2017.0,10.0
2017-10-06,Slice Pay,Consumer Internet,Bengaluru,"Das Capital, Simile Ventures",Private Equity,2000000.0,2017.0,10.0
2017-10-09,MyGubbi,eCommerce,Bengaluru,"Firoze Irani, Vipul Parekh, Ananda Kallugadde, Rajesh K Murthy",Private Equity,2700000.0,2017.0,10.0
2017-10-09,OneStepUp,Technology,Delhi,Orient BlackSwan,Seed Funding,336000.0,2017.0,10.0
2017-10-10,Parallel Dots,Technology,Gurgaon,"Multipoint Capital,",Private Equity,1400000.0,2017.0,10.0
2017-10-10,Easy Diner,Consumer Internet,Gurgaon,Saama Capital and DSG Consumer Partners,Private Equity,4500000.0,2017.0,10.0
2017-10-11,Meesho,eCommerce,Bengaluru,"SAIF Partners, YCombinator, Venture Highway",Private Equity,3100000.0,2017.0,10.0
2017-10-11,StanPlus,Logistics,Hyderabad,KStart Capital,Private Equity,1100000.0,2017.0,10.0
2017-10-12,UCLID,Technology,Hyderabad,Undisclosed investors,Seed Funding,235000.0,2017.0,10.0
2017-10-13,Policy Bazaar,Consumer Internet,Gurgaon,"Wellington Management, DG Ventures India, True North",Private Equity,77000000.0,2017.0,10.0
2017-10-13,Gapoon,Consumer Internet,Bengaluru,"Vida Ventures, Snehal Mantri, Anshu Bahadur",Seed Funding,250000.0,2017.0,10.0
2017-10-13,Chaayos,eCommerce,Gurgaon,Tiger Global Management,Private Equity,2000000.0,2017.0,10.0
2017-10-16,KrazyBee,Consumer Internet,Bengaluru,"Xiaomi Technologies, Shunwei Capital",Private Equity,8000000.0,2017.0,10.0
2017-10-16,Renew Buy,Consumer Internet,Delhi,Amicus Capital,Private Equity,9200000.0,2017.0,10.0
2017-10-17,Fingerlix,Consumer Internet,Bengaluru,"Accel Partners, Zephyr Peacock",Private Equity,7000000.0,2017.0,10.0
2017-10-18,Bank Bazaar,Consumer Internet,Chennai,Experian,Private Equity,7000000.0,2017.0,10.0
2017-10-18,BlackBuck,Logistics,Bengaluru,Innoven Capital,Private Equity,7700000.0,2017.0,10.0
2017-10-18,LenDen Club,Consumer Internet,Mumbai,Undisclosed Investor,Seed Funding,500000.0,2017.0,10.0
2017-10-23,Toppr,Consumer Internet,Mumbai,"SAIF Partners, Helion Ventures, FIL Capital Management",Private Equity,7000000.0,2017.0,10.0
2017-10-23,RAW Pressery,Food & Beverage,Mumbai,"DSG Consumer Partners, Sequoia Capital, Saama Capital",Private Equity,6000000.0,2017.0,10.0
2017-10-23,Cashe,Consumer Internet,Mumbai,IFMR Capital,Debt Funding,3100000.0,2017.0,10.0
2017-10-23,Park Easy,Consumer Internet,Kolkata,Rockstart Accelerator,Seed Funding,118000.0,2017.0,10.0
2017-10-24,FYRE,Food & Beverage,Mumbai,Venture Catalysts,Seed Funding,500000.0,2017.0,10.0
2017-10-24,ZipLoan,Consumer Internet,Delhi,"Matrix Partners India, WaterBridge Ventures, Whiteboard Capital, Sarbvir Singh",Private Equity,3000000.0,2017.0,10.0
2017-10-24,Skillenza,Consumer Internet,Bengaluru,"Blume Ventures, Indian Angel Network",Seed Funding,722000.0,2017.0,10.0
2017-10-25,SpotDraft,Consumer Internet,Gurgaon,"Hunch Ventures, Spiral Ventures, 500 Startups, Singapore Angel Network, Citrus Payments",Seed Funding,550000.0,2017.0,10.0
2017-10-26,Big Basket,eCommerce,Bengaluru,Helion Ventures Partners,Private Equity,5000000.0,2017.0,10.0
2017-10-27,OfBusiness,Technology,Gurgaon,Kotak Mahindra Bank,Debt Funding,3800000.0,2017.0,10.0
2017-10-28,CashFree,Technology,Delhi,Y Combinator,Seed Funding,120000.0,2017.0,10.0
2017-10-28,Ola Cabs,Consumer Internet,Bengaluru,ANI Technologies Pvt. Ltd,Private Equity,7700000.0,2017.0,10.0
2017-10-30,GoldFarm,Food & Beverage,Coimbatore,Mahindra & Mahindra and Infuse Ventures,Private Equity,2000000.0,2017.0,10.0
2017-10-31,NetMeds,eCommerce,Chennai,TannCam Investment & Sistema Asia Fund,Private Equity,14000000.0,2017.0,10.0
2017-10-31,MSE,Finance,Mumbai,"IL&FS, Trust Capital, Rosy Blue Securities, Radhakrishan Damani and Rakesh Jhunjhunwala",Private Equity,32000000.0,2017.0,10.0
2017-09-01,Aahaa Stores,eCommece,Chennai,YourNest Angel Fund,Private Equity,1000000.0,2017.0,9.0
2017-09-01,MFine,Consumer Internet,Bengaluru,"Stellaris Venture Partners, Mayur Abhaya, Rohit MA",Private Equity,1500000.0,2017.0,9.0
2017-09-01,Canvera,Consumer Internet,Mumbai,InfoEdge,Private Equity,1300000.0,2017.0,9.0
2017-09-04,PrimaryIO,Technology,Pune,"Accel Partners, Exfinity Ventures, Partech Ventures",Private Equity,5600000.0,2017.0,9.0
2017-09-05,Shubh Loans,Consumer Internet,Bengaluru,"SRI Capital, BeeNext, Pravega Ventures",Private Equity,1500000.0,2017.0,9.0
2017-09-05,Nest Education,Technology,Gurgaon,"Michael and Susan Dell Foundation, Anand Mahindra",Seed Funding,600000.0,2017.0,9.0
2017-09-06,Lending Kart,Consumer Internet,Ahmedabad,"Bertelsmann India, Mayfield Capital, Saama Capital, Darrin Capital",Private Equity,10750000.0,2017.0,9.0
2017-09-06,GoFro,Consumer Internet,Delhi,"HIS Co. Ltd, MakeMyTrip",Private Equity,10000000.0,2017.0,9.0
2017-09-06,OncoStem,Healthcare,Bengaluru,"Sequoia Capital India, Artiman Ventures",Private Equity,6000000.0,2017.0,9.0
2017-09-06,Power2SME,eCommerce,Gurgaon,"International Finance Corporation (IFC), Inventus Capital Partners, Accel Partners, Kalaari Capital, and Nandan Nilekani,",Private Equity,26000000.0,2017.0,9.0
2017-09-07,Credit Vidya,Consumer Internet,Mumbai,Matrix Partners,Private Equity,5000000.0,2017.0,9.0
2017-09-07,OYO Rooms,Consumer Internet,Gurgaon,SoftBank,Private Equity,250000000.0,2017.0,9.0
2017-09-07,Early Salary,Consumer Internet,Pune,IFMR Capital,Debt Funding,780000.0,2017.0,9.0
2017-09-07,Seniority,eCommerce,Pune,RPG Enterprises,Private Equity,1000000.0,2017.0,9.0
2017-09-08,AYE Finance,Consumer Internet,Delhi,"Triodos Investment Management,",Debt Funding,6900000.0,2017.0,9.0
2017-09-11,Ecom Express,Logistics,Delhi,Warburg Pincus,Private Equity,30000000.0,2017.0,9.0
2017-09-11,Call Health,Consumer Internet,Hyderabad,"Sachin Tendulkar, P.V SIndhu, Pullela Gopichand",Private Equity,6200000.0,2017.0,9.0
2017-09-12,3HCare,Consumer Internet,Delhi,Undisclosed Investor,Seed Funding,100000.0,2017.0,9.0
2017-09-12,Tonbo Imaging,Technology,Bengaluru,"WRV Capital, Qualcomm Ventures, Edelweiss Private Equity, Artiman Ventures",Private Equity,17000000.0,2017.0,9.0
2017-09-12,Get My Parking,Consumer Internet,Delhi,"IAN Fund, Beenext, Indian Angel Network",Private Equity,3000000.0,2017.0,9.0
2017-09-13,Glowroad,Consumer Internet,Bengaluru,"Accel Partners,",Private Equity,2000000.0,2017.0,9.0
2017-09-13,OYO Rooms,Consumer Internet,Gurgaon,China Lodging Group,Private Equity,10000000.0,2017.0,9.0
2017-09-13,Unacademy,Consumer Internet,Mumbai,"Sequoia Capital India, SAIF Partners, Nexus Venture Partners and Blume Ventures,",Private Equity,11500000.0,2017.0,9.0
2017-09-13,Heterogenous,Technology,Chennai,"Chennai Angels, Keiretsu Forum & Others",Seed Funding,780000.0,2017.0,9.0
2017-09-14,Smaaash,Technology,Mumbai,ECL Finance,Private Equity,44000000.0,2017.0,9.0
2017-09-14,WheelStreet,Consumer Portal,Bengaluru,Y Combinator,Seed Funding,120000.0,2017.0,9.0
2017-09-18,The Moms Co,eCommerce,Gurgaon,"DSG Consumer Partners, Saama Capital",Private Equity,1000000.0,2017.0,9.0
2017-09-19,High Radius,Technology,Hyderabad,Susquehanna Growth Equity LLC,Private Equity,50000000.0,2017.0,9.0
2017-09-21,SaveBC,Finance,Gaya,Incofin Investment Management.,Private Equity,6000000.0,2017.0,9.0
2017-09-21,Homergize,eCommerce,Bengaluru,LG Chandrasekhar,Private Equity,1000000.0,2017.0,9.0
2017-09-22,Yatra.com,eCommerce,Gurgaon,InnoVen Capital India,Debt Funding,15400000.0,2017.0,9.0
2017-09-25,Synup,Technology,Bengaluru,"Vertex Ventures, Prime Venture Partners.",Private Equity,6000000.0,2017.0,9.0
2017-09-25,Rapido,Consumer Internet,Bengaluru,Battery Road Digital Holdings LLC,Seed Funding,422000.0,2017.0,9.0
2017-09-25,Sportobuddy,Consumer Internet,Mumbai,Mehul Shah,Seed Funding,150000.0,2017.0,9.0
2017-09-27,Transerve,Technology,Mumbai,"IL&FS Investment Managers, Omidyar Network.",Private Equity,1600000.0,2017.0,9.0
2017-09-27,Pitstop,Consumer Internet,Bengaluru,"Blume Ventures, Goldbell Group, Anurag Srivastava, Shailesh Rao, Amiya Pathak, Rajesh Yohanan and Rahul Garg",Private Equity,1000000.0,2017.0,9.0
2017-09-27,MyUpchar,Consumer Internet,Delhi,LetsVenture,Seed Funding,300000.0,2017.0,9.0
2017-09-28,Aadyah,Technology,Bengaluru,Keiretsu Forum,Private Equity,1000000.0,2017.0,9.0
2017-08-01,TouchKin,Technology,Bengaluru,Kae Capital,Private Equity,1300000.0,2017.0,8.0
2017-08-02,Zepo,Consumer Internet,Mumbai,"Kunal Shah, LetsVenture, Anupam Mittal, Hetal Sonpal",Seed Funding,500000.0,2017.0,8.0
2017-08-02,Click2Clinic,Consumer Internet,Hyderabad,"Narottam Thudi, Shireesh Palle",Seed Funding,850000.0,2017.0,8.0
2017-08-03,SpeedBox,Logistics,Mumbai,Cismat Cargo Services Pvt. Ltd.,Seed Funding,300000.0,2017.0,8.0
2017-08-08,New Castle Technologies,Technology,Chennai,Undisclosed investors,Seed Funding,243000.0,2017.0,8.0
2017-08-08,My Forex Eye,Consumer Internet,Delhi,"Rahul Dev Kumar, Rajesh Mahajan, Ankit Sharma and others",Seed Funding,220000.0,2017.0,8.0
2017-08-09,TruxApp,Logistics,Delhi,"Venugopal Dhoot, Ajay Bhatia, Tarun Khandelwal, Ganpat Singhvi, Mandhian family & Others",Seed Funding,3100000.0,2017.0,8.0
2017-08-09,CroFarm,Technology,Gurgaon,Factor[e] Ventures,Seed Funding,783000.0,2017.0,8.0
2017-08-11,Flipkart,eCommerce,Bengaluru,SoftBank,Private Equity,2500000000.0,2017.0,8.0
2017-08-11,Ola Cabs,Consumer Internet,Gurgaon,Tekne Capital Management,Private Equity,36000000.0,2017.0,8.0
2017-08-14,Digilend,Technology,Mumbai,"InCred Finance, Fullerton India Credit Company Ltd",Seed Funding,312000.0,2017.0,8.0
2017-08-15,KNAB Finance,Consumer Internet,Bengaluru,"InCred, Krishnakumar Natarajan, Ravi Bhardwaj",Seed Funding,385000.0,2017.0,8.0
2017-08-20,Rootefy,eCommerce,Delhi,"Abhinav Gupta,",Seed Funding,187000.0,2017.0,8.0
2017-08-21,Uniphore,Technology,Chennai,IDG Ventures,Private Equity,6800000.0,2017.0,8.0
2017-08-21,Cerebroz,Consumer Internet,Vadodara,Undisclosed HNI\\xe2\\x80\\x99s,Seed Funding,734000.0,2017.0,8.0
2017-08-23,Dhruva,Technology,Pune,"Riverwood Capital, Sequoia Capital India, Nexus Venture Partners, Tenaya Capital",Private Equity,80000000.0,2017.0,8.0
2017-08-23,Bombay Shaving Company,eCommerce,Delhi,Fireside Ventures,Private Equity,2300000.0,2017.0,8.0
2017-08-23,Indiez,Technology,Bengaluru,Haresh Chawla,Seed Funding,500000.0,2017.0,8.0
2017-08-24,Ezetap,Technology,Bengaluru,"JS Capital Management, Social Capital, Horizons Ventures,",Private Equity,16000000.0,2017.0,8.0
2017-08-25,Ink Monk,Consumer Internet,Chennai,"VAMM Ventures, Raksul, Dena",Seed Funding,750000.0,2017.0,8.0
2017-08-25,Medinfi,Consumer Internet,Bengaluru,"PBS Srinivas, Vinod Martin,",Seed Funding,125000.0,2017.0,8.0
2017-08-28,Mobikon,Technology,Pune,"Sistema Asia Fund, C31 Ventures, Qualgro.",Private Equity,7000000.0,2017.0,8.0
2017-08-29,CureFit,Consumer Internet,Bengaluru,"Accel Partners, IDG Ventures, Kalaari Capital,\\xc2\\xa0 UC-RNT fund",Private Equity,25000000.0,2017.0,8.0
2017-08-29,Doxper,Technology,Mumbai,"idal Health, growx ventures, Capier Investments, Globevestor & others",Seed Funding,750000.0,2017.0,8.0
2017-08-30,Treebo,Consumer Internet,Bengaluru,"Ward Ferry Management and Karst Peak Capital,",Private Equity,34000000.0,2017.0,8.0
2017-08-30,MedGenome,Technology,Bengaluru,"Sequoia India, Sofina s.a., Zodius Capital, Kris Gopalakrishnan, Lakshmi Narayanan,",Private Equity,30000000.0,2017.0,8.0
2017-07-01,Billion Loans,Consumer Internet,Bengaluru,Reliance Corporate Advisory Services Ltd,Seed Funding,1000000.0,2017.0,7.0
2017-07-03,Ecolibriumenergy,Technology,Ahmedabad,"Infuse Ventures, JLL",Private Equity,2600000.0,2017.0,7.0
2017-07-04,Droom,eCommerce,Gurgaon,"Asset Management (Asia) Ltd, Digital Garage Inc",Private Equity,20000000.0,2017.0,7.0
2017-07-05,Jumbotail,eCommerce,Bengaluru,"Kalaari Capital, Nexus India Capital Advisors",Private Equity,8500000.0,2017.0,7.0
2017-07-05,Moglix,eCommerce,Noida,"International Finance Corporation, Rocketship, Accel Partners, Jungle Ventures, Shailesh Rao, Venture Highway",Private Equity,12000000.0,2017.0,7.0
2017-07-05,Timesaverz,Consumer Internet,Mumbai,BCCL,Private Equity,1000000.0,2017.0,7.0
2017-07-07,Clip App,Consumer Internet,Bengaluru,"India Quotient, Shunwei Capital",Seed Funding,1000000.0,2017.0,7.0
2017-07-10,Autorox.co,Technology,Hyderabad,Mitsui & Co.,Private Equity,3000000.0,2017.0,7.0
2017-07-11,Fabogo,Consumer Internet,Pune,Dunamis Ventures Pte Ltd,Private Equity,2250000.0,2017.0,7.0
2017-07-11,Flickstree,Consumer Internet,Mumbai,"Venture Catalysts, Sourav Ganguly, Ankit Aditya, Moksh Sports Ventures",Seed Funding,464000.0,2017.0,7.0
2017-07-12,Innoviti,Technology,Bengaluru,"SBI-FMO Fund, Bessemer Venture Partners, Catamaran Ventures",Private Equity,18500000.0,2017.0,7.0
2017-07-14,QwikSpec,Technology,Bengaluru,"Brigade Innovations LLP, TV Mohandas Pai, Suhail Rahman, Bobby Reddy, M George Oommen",Seed Funding,540000.0,2017.0,7.0
2017-07-14,Chumbak,eCommerce,Bengaluru,Blacksoil Capital Pvt. Ltd,Private Equity,1700000.0,2017.0,7.0
2017-07-17,Increff,Technology,Bengaluru,"Sequoia Capital, Grey Orange, Rajesh Ramaiah, Anshuman Das, Rishi Das",Seed Funding,2000000.0,2017.0,7.0
2017-07-17,Vayana,Technology,Pune,"IDG Ventures India Advisors, Jungle Ventures",Private Equity,4000000.0,2017.0,7.0
2017-07-19,Rentomojo,Consumer Internet,Bengaluru,"ain Capital Ventures, Renaud Laplanche",Private Equity,10000000.0,2017.0,7.0
2017-07-19,Playablo,Technology,Bengaluru,ABI-Showatech (India) Ltd,Seed Funding,600000.0,2017.0,7.0
2017-07-20,Trupay,Technology,Gurgaon,"Kae Capital, M&S Partners,",Seed Funding,700000.0,2017.0,7.0
2017-07-21,Brick2Wall,eCommerce,Gurgaon,"Subramani Somasundaram, Sundeep Sahni, Mayank Mittal & Others",Seed Funding,200000.0,2017.0,7.0
2017-07-25,Noticeboard,Consumer Internet,Bengaluru,"Stellaris Venture Partners,",Private Equity,1200000.0,2017.0,7.0
2017-07-25,Byju\\xe2\\x80\\x99s,Consumer Internet,Bengaluru,Tencent Holdings,Private Equity,35000000.0,2017.0,7.0
2017-07-26,Fab Hotels,Consumer Internet,Delhi,Goldman Sachs,Private Equity,25000000.0,2017.0,7.0
2017-07-26,ThinkerBell,Consumer Internet,Bengaluru,"Indian Angel Network, Anand Mahindra",Seed Funding,200000.0,2017.0,7.0
2017-07-27,1mg,eCommerce,Gurgaon,"HBM Healthcare Investments, Maverick Capital Ventures, Sequoia India, Omidyar Network and Kae Capital",Private Equity,15000000.0,2017.0,7.0
2017-07-28,BigStylist,Consumer Internet,Mumbai,Info Edge (India) Ltd,Private Equity,1250000.0,2017.0,7.0
2017-06-02,RentOnGo,eCommerce,Bengaluru,TVS Motor Company,Seed Funding,234000.0,2017.0,6.0
2017-06-05,Goomo,Consumer Internet,Mumbai,Emerging India,Private Equity,50000000.0,2017.0,6.0
2017-06-06,Spinny,eCommerce,Gurgaon,"Blume Ventures, Indian Angel Network, Kunal Shah, Sandeep Tandon",Private Equity,1000000.0,2017.0,6.0
2017-06-06,BHIVE Workspace,Consumer Internet,Bengaluru,Blume Ventures,Private Equity,1200000.0,2017.0,6.0
2017-06-06,wayForward,Consumer Internet,Delhi,"Harsh Mahajan, Farhan Naqvi, Sreepathy Viswanathan",Seed Funding,1000000.0,2017.0,6.0
2017-06-07,ZipLoan,Consumer Internet,Delhi,WaterBridge Ventures,Seed Funding,650000.0,2017.0,6.0
2017-06-07,GrowFitter,Consumer Internet,Mumbai,SQue Capital,Seed Funding,600000.0,2017.0,6.0
2017-06-08,Stratfit,Consumer Internet,Hyderabad,Bodhtree Consulting Limited,Seed Funding,232000.0,2017.0,6.0
2017-06-08,Multiplier Solutions,Technology,Hyderabad,Norwest Venture Partners,Private Equity,1500000.0,2017.0,6.0
2017-06-08,ABI Health,Technology,Bengaluru,Norwest Venture Partners,Private Equity,1500000.0,2017.0,6.0
2017-06-08,Stockal,Consumer Internet,Bengaluru,"Mohan Alexander, R. Natarajan, Vikrant Varshney, Amit Sinha",Seed Funding,350000.0,2017.0,6.0
2017-06-09,Guidoo,Consumer Internet,Mumbai,"Pawan Borle, Nirmal Singh, Manish Prasad, Vineet Varma, Nick Haulkoury, Abhai S. Rao",Seed Funding,300000.0,2017.0,6.0
2017-06-09,eSahai.in,Consumer Internet,Hyderabad,"Dr Ramesh Ayyala, Satya Muthyala",Seed Funding,250000.0,2017.0,6.0
2017-06-12,LendingKart,Consumer Internet,Ahmedabad,Yes Bank,Debt Funding,7800000.0,2017.0,6.0
2017-06-12,Boxx.ai,Technology,Bengaluru,"Unicorn India Ventures, Venky Krishnakumar, Suresh Shankar, Vivek Bhargava",Private Equity,500000.0,2017.0,6.0
2017-06-12,PeeSafe.in,Healthcare,Delhi,"Venture Catalysts, Alfa Capital, Green Shots Capital, Real Time Ventures",Private Equity,1000000.0,2017.0,6.0
2017-06-12,Vista Rooms,Consumer Internet,Mumbai,"Artha India Ventures, Singularity Holdings, Rajan Anandan, Girish Mathrubootham",Seed Funding,776000.0,2017.0,6.0
2017-06-12,CoverFox,Consumer Internet,Mumbai,Transamerica,Private Equity,15000000.0,2017.0,6.0
2017-06-13,Goodera,Technology,Bengaluru,"Nexus Venture Partners, Omidyar Network",Private Equity,5500000.0,2017.0,6.0
2017-06-14,Ola,Consumer Internet,Bengaluru,Tekne Capital Management LLC,Private Equity,50000000.0,2017.0,6.0
2017-06-14,MrNeeds,Consumer Internet,Noida,undisclosed investors,Seed Funding,500000.0,2017.0,6.0
2017-06-15,MoneyTap,Consumer Internet,Bengaluru,"Sequoia India, NEA, Prime Venture Partners",Private Equity,12300000.0,2017.0,6.0
2017-06-16,Goodbox,eCommerce,Bengaluru,"Nexus Venture Partners, Mekin Maheshwari",Private Equity,1000000.0,2017.0,6.0
2017-06-16,Fincash,Consumer Internet,Mumbai,"Mohammed Khan, Sameer Narayan & Others",Seed Funding,100000.0,2017.0,6.0
2017-06-16,PortDesk,Technology,Noida,Alphard Maritime Group,Seed Funding,2000000.0,2017.0,6.0
2017-06-19,Unbxd,Technology,Bengaluru,Eight Roads Ventures,Private Equity,12500000.0,2017.0,6.0
2017-06-19,DarwinBox,Technology,Hyderabad,"Lightspeed India Partners, Endiya Partners, 3one4 Capital Advisors LLP, Startupxseed Ventures LLP",Private Equity,4000000.0,2017.0,6.0
2017-06-20,ForeverShop,Consumer Internet,Bengaluru,91maker.com,Seed Funding,300000.0,2017.0,6.0
2017-06-20,Insider.in,Consumer Internet,Mumbai,Paytm,Private Equity,5200000.0,2017.0,6.0
2017-06-21,Fynd,eCommerce,Mumbai,"IIFL Seed Ventures, Kae Capital, FJ Labs, Singularity Ventures, GrowX, Tracxn Labs, Axis Capital",Private Equity,2400000.0,2017.0,6.0
2017-06-21,Grow Fit,Consumer Internet,Bengaluru,"Manipal Education and Medical Group (MEMG), SAR Group, The Grover Trust",Private Equity,4500000.0,2017.0,6.0
2017-06-21,Fabulyst,Technology,Hyderabad,iBhubs,Seed Funding,215000.0,2017.0,6.0
2017-06-21,mSwipe,Technology,Mumbai,"UC-RNT Fund, Matrix Partners, alcon Edge Capital, DSG Consumer Partners",Private Equity,31000000.0,2017.0,6.0
2017-06-22,Julia Computing,Technology,Bengaluru,"General Catalyst, Founder Collective",Private Equity,4600000.0,2017.0,6.0
2017-06-22,Kissht,Consumer Internet,Mumbai,"Endiya Partners, Ventureast",Private Equity,2000000.0,2017.0,6.0
2017-06-22,Explore Life traveling,Consumer Internet,Bengaluru,"Mekin Maheshwari, Bharat Vijay, Krish Seshadri, Amar Arsikere",Seed Funding,500000.0,2017.0,6.0
2017-06-23,Loantap,Consumer Internet,Mumbai,"Kae Capital, India Quotient, IFMR, and MAS Financial Services Ltd",Private Equity,4000000.0,2017.0,6.0
2017-06-23,Voxweb,Consumer Internet,Mumbai,Undisclosed investors,Seed Funding,1000000.0,2017.0,6.0
2017-06-26,HUG Innovations,Technology,Hyderabad,"Mohit Srivastav, Kishore Ganji, Venkat Vallabhaneni, Rajeev Menon",Private Equity,5000000.0,2017.0,6.0
2017-06-26,Flipkart,eCommerce,Bengaluru,Naspers,Private Equity,71000000.0,2017.0,6.0
2017-06-26,V Resorts,Consumer Internet,Noida,"Seedfund, RB International",Private Equity,4000000.0,2017.0,6.0
2017-06-27,Stashfin,Consumer Internet,Delhi,"Snow Leopard Ventures, Alto Partners",Private Equity,5000000.0,2017.0,6.0
2017-06-27,Spares Hub,eCommerce,Pune,"The Chennai Angels, Anthill Scale Ventures, Esvee Technologies Inc, Inc95 Consulting",Seed Funding,311000.0,2017.0,6.0
2017-06-28,Rubique,Consumer Internet,Mumbai,"Kalaari Capital, Udayan Goyal",Private Equity,3000000.0,2017.0,6.0
2017-06-28,Niki.ai,Consumer Internet,Bengaluru,"SAP.iO, Unilazer Ventures",Private Equity,2000000.0,2017.0,6.0
2017-06-29,Fitpass,Consumer Internet,Delhi,"Abhinav Bindra, Gaurav Marya",Private Equity,1000000.0,2017.0,6.0
2017-06-30,Tagos Design,Technology,Bengaluru,Undisclosed Investors,Private Equity,5000000.0,2017.0,6.0
2017-06-30,UrbanClap,Consumer Internet,Gurgaon,"Vy Capital, SAIF Partners, Accel Partner, Bessemer Venture Partners",Private Equity,21000000.0,2017.0,6.0
2017-05-01,Ace2three,Consumer Internet,Hyderabad,Clairvest Group,Private Equity,73700000.0,2017.0,5.0
2017-05-01,Power2SME,eCommerce,Gurgaon,International Finance Corporation,Private Equity,10000000.0,2017.0,5.0
2017-05-02,Innovapptive,Technology,Hyderabad,Hyderabad Angels,Seed Funding,1500000.0,2017.0,5.0
2017-05-02,4tigo,Logistics,Bengaluru,"Accel Partners, Nandan Nilekani,",Private Equity,10000000.0,2017.0,5.0
2017-05-02,ZippServe,Consumer Internet,Bengaluru,undisclosed investors,Seed Funding,390000.0,2017.0,5.0
2017-05-03,Ola,Consumer Internet,Bengaluru,"Falcon Edge Capital,\\xc2\\xa0 Capital Advisers",Private Equity,104500000.0,2017.0,5.0
2017-05-03,Sumeru,Technology,Bengaluru,undisclosed investors,Seed Funding,1000000.0,2017.0,5.0
2017-05-05,Balance App,Consumer Internet,Bengaluru,Rainmatter,Seed Funding,233000.0,2017.0,5.0
2017-05-08,YepMe,eCommerce,Gurgaon,"Rainbow Digital Services Pvt. Ltd, ILearnFinance Academy Pvt. Ltd.",Private Equity,700000.0,2017.0,5.0
2017-05-08,MyGreens,Food & Beverage,Delhi,"Ajay Relan, LetsVenture",Seed Funding,1000000.0,2017.0,5.0
2017-05-08,Ace Turtle,Technology,Bengaluru,"Vertex Ventures, C31 Ventures",Private Equity,5000000.0,2017.0,5.0
2017-05-08,CureFit,Technology,Bengaluru,"Trifecta Capital Advisors LLP, Prathithi Investment Trust, RNT Capital, Gokul Rajaram, Aditya Agarwal, Ruchi Sanghvi & others",Private Equity,3200000.0,2017.0,5.0
2017-05-09,Curie Labs,Technology,Delhi,Satoshi Studios,Seed Funding,50000.0,2017.0,5.0
2017-05-10,Vidooly,Consumer Internet,Noida,"Times Internet, GVFL",Private Equity,1400000.0,2017.0,5.0
2017-05-10,Shopclues,eCommerce,Gurgaon,InnoVen Capital,Private Equity,7700000.0,2017.0,5.0
2017-05-10,Fourth Ambit,Consumer Internet,Bengaluru,1Crowd,Seed Funding,600000.0,2017.0,5.0
2017-05-11,Early Salary,Consumer Internet,Pune,"DG Ventures India, Dewan Housing Finance Corp",Private Equity,4000000.0,2017.0,5.0
2017-05-12,Legal Raasta,Consumer Internet,Delhi,Impanix Capital,Private Equity,5000000.0,2017.0,5.0
2017-05-12,Remit Guru,Consumer Internet,Mumbai,"Infibeam, CCavenue",Private Equity,466000.0,2017.0,5.0
2017-05-12,Aequm,eCommerce,Bengaluru,undisclosed investors,Seed Funding,1000000.0,2017.0,5.0
2017-05-15,Zapty,Technology,Bengaluru,IdeaSpring Capital,Seed Funding,500000.0,2017.0,5.0
2017-05-16,Telr,Technology,Mumbai,Innovations East,Private Equity,3000000.0,2017.0,5.0
2017-05-16,Fynd,eCommerce,Mumbai,Rocketship,Private Equity,500000.0,2017.0,5.0
2017-05-17,Genie,Consumer Internet,Chennai,undisclosed investors,Seed Funding,250000.0,2017.0,5.0
2017-05-17,Paysense,Consumer Internet,Mumbai,Jungle Ventures,Private Equity,5300000.0,2017.0,5.0
2017-05-18,The Good Life,eCommerce,Mumbai,"Ayesha Takia Azmi, Abu Farhan Azmi",Seed Funding,1000000.0,2017.0,5.0
2017-05-18,Paytm,eCommerce,Bengaluru,SoftBank,Private Equity,1400000000.0,2017.0,5.0
2017-05-19,EzCred,Consumer Internet,Bengaluru,"Dheeraj Pandey, Rajesh Yohannan, Akash Garg",Seed Funding,1000000.0,2017.0,5.0
2017-05-22,Delhivery,Logistics,Delhi,Fosun International,Private Equity,30000000.0,2017.0,5.0
2017-05-22,ZipGrid,Consumer Internet,Mumbai,"JLL, 1Crowd",Seed Funding,500000.0,2017.0,5.0
2017-05-23,Magicpin,Consumer Internet,Gurgaon,"Lightspeed Venture Partners, Vy Capital,",Private Equity,6600000.0,2017.0,5.0
2017-05-23,Box8,Consumer Internet,Mumbai,Trifecta Capital,Private Equity,1000000.0,2017.0,5.0
2017-05-24,GenNext Students,Consumer Internet,Mumbai,Undisclosed Investors,Seed Funding,580000.0,2017.0,5.0
2017-05-25,Aye Finance,Finance,Gurgaon,Blue Orchard,Private Equity,8000000.0,2017.0,5.0
2017-05-29,Collateral Medical,eCommerce,Mumbai,Carpediem Capital,Private Equity,3500000.0,2017.0,5.0
2017-05-30,Supr Daily,Consumer Internet,Mumbai,"Soma Capital, Great Oaks Ventures, 122 West Ventures",Private Equity,1500000.0,2017.0,5.0
2017-05-30,Swiggy,Consumer Internet,Bengaluru,"Nasper, Accel India, SAIF Partners, Bessemer Venture Partners, Harmony Partners, Norwest Venture Partners",Private Equity,80000000.0,2017.0,5.0
2017-05-31,SastaSundar,eCommerce,Kolkata,Rohto Pharmaceutical,Private Equity,5000000.0,2017.0,5.0
2017-05-31,Magicpin,Consumer Internet,Gurgaon,"Lightspeed India Partners, Waterbridge Ventures",Private Equity,7000000.0,2017.0,5.0
2017-04-01,Cashe,Consumer Internet,Mumbai,"Mathew Cyriac, Florintree Advisors,",Private Equity,3800000.0,2017.0,4.0
2017-04-03,Eruditus,Education,Mumbai,Bertelsmann India,Private Equity,8200000.0,2017.0,4.0
2017-04-03,Healthcare at Home,Healthcare,Noida,Quadria Capital Advisors,Private Equity,40000000.0,2017.0,4.0
2017-04-04,WayCool,Food & Beverage,Chennai,Aspada Investments,Private Equity,2700000.0,2017.0,4.0
2017-04-04,Perfios,Technology,Bengaluru,Bessemer Venture Partners,Private Equity,6100000.0,2017.0,4.0
2017-04-04,Whatfix,Technology,Bengaluru,"Stellaris Venture Partners, Helion Venture Partners, Powerhouse Ventures, Gokul Rajaram, Girish Mathrubootham, Aneesh Reddy, Vispi Daver",Private Equity,3690000.0,2017.0,4.0
2017-04-04,ElastiRun,Technology,Pune,"Kalaari Capital, Norwest Venture Partners",Private Equity,7000000.0,2017.0,4.0
2017-04-04,Trukky,Consumer Internet,Ahmedabad,"Keyur Joshi, Pavan Bakeri",Seed Funding,500000.0,2017.0,4.0
2017-04-04,Konsult App,Consumer Internet,Delhi,"Koen Bouwers, Lomesh Agarwal, Jeroen Mensen, Pablo van den Bosch & Others",Seed Funding,500000.0,2017.0,4.0
2017-04-05,Fingerlix,Consumer Internet,Mumbai,Zephyr Peacock India,Private Equity,3000000.0,2017.0,4.0
2017-04-06,Medwell Ventures,Healthcare,Bengaluru,"Mahindra Partners, Eight Roads Ventures, F-Prime Capital Partners",Private Equity,21000000.0,2017.0,4.0
2017-04-06,Mech Mocha,Consumer Internet,Bengaluru,"Accel Partners, Shunwei Capital",Private Equity,5000000.0,2017.0,4.0
2017-04-07,PharmEasy,eCommerce,Mumbai,"Bessemer Venture Partners, Orios Venture Partners, Trifecta Capital,",Private Equity,18000000.0,2017.0,4.0
2017-04-08,FastFox,Consumer Internet,Gurgaon,"Lightspeed India Partners, Blume Ventures, CyberAgent Ventures, GrowX Ventures, IMJ Investment Partners",Private Equity,4600000.0,2017.0,4.0
2017-04-10,Omnify,Technology,Bengaluru,"Rajan Anandan, L.D Sharma, Saurabh Arora",Seed Funding,150000.0,2017.0,4.0
2017-04-10,Capital Float,Consumer Internet,Bengaluru,Mahindra and Mahindra Financial Services,Private Equity,2300000.0,2017.0,4.0
2017-04-11,Ninjacart,eCommerce,Bengaluru,"Accel Partners, Nandan Nilekani\\xe2\\x80\\x99s NRJN Trust, Mistletoe, Qualcomm Ventures, M&S Partners",Private Equity,5500000.0,2017.0,4.0
2017-04-11,MergerWare,Technology,Bengaluru,Philippe Bouchet,Seed Funding,100000.0,2017.0,4.0
2017-04-12,Clovia,eCommerce,Delhi,"Ivycap Ventures Advisors, Singularity Ventures and Ravi Dhariwal",Private Equity,4000000.0,2017.0,4.0
2017-04-12,Emiza,Logistics,Mumbai,"Mayfield, Nishant Rao, Dileep Nath",Private Equity,4500000.0,2017.0,4.0
2017-04-12,HackerEarth,Consumer Internet,Bengaluru,"DHI Group Inc, Prime Venture Partners, Beenext, Beenos, Digital Garage, BizReach",Private Equity,4500000.0,2017.0,4.0
2017-04-12,Squadrun,Technology,Noida,"Blume Ventures, Contrarian Capital, 91springboard, Emergent Ventures, Abstract Ventures, Anthill Ventures, Axilor Ventures",Private Equity,2100000.0,2017.0,4.0
2017-04-13,WeAreHolidays,Consumer Internet,Gurgaon,"Urrshila Kerkar,",Private Equity,7700000.0,2017.0,4.0
2017-04-14,Ola Cabs,Consumer Internet,Bengaluru,SIMI Pacific Pte,Private Equity,260000000.0,2017.0,4.0
2017-04-15,Myly,Consumer Internet,Jaipur,mall Industries Development Bank of India (SIDBI),Seed Funding,310000.0,2017.0,4.0
2017-04-17,CrediHealth,Consumer Internet,Gurgaon,"Tolaram Inc, Mountain Pine Capital",Private Equity,1500000.0,2017.0,4.0
2017-04-17,Snackible,Food & Beverages,Mumbai,"Nibhrant Shah, Anandbir Singh, Anirudh Sheth, Pratik Singhi, Vikram Mehta, Murali Nair",Seed Funding,175000.0,2017.0,4.0
2017-04-17,Be U Salons,Consumer Internet,Delhi,"Gaurav Kachru, Sundeep Singh Sahni, Jatin Aneja, Arun Malhotra",Seed Funding,620000.0,2017.0,4.0
2017-04-17,LendingKart,Consumer Internet,Ahmedabad,Anicut Capital,Private Equity,4650000.0,2017.0,4.0
2017-04-18,Innefu Security Consulting,Technology,Delhi,IndiaNivesh Venture Capital Fund,Private Equity,2000000.0,2017.0,4.0
2017-04-18,Whodat,Technology,Bengaluru,Ideaspring Capital,Private Equity,600000.0,2017.0,4.0
2017-04-18,Absentia VR,Technology,Bengaluru,Exfinity Venture Partners,Private Equity,1250000.0,2017.0,4.0
2017-04-19,IOTrek,Technology,Delhi,Undisclosed Investor,Seed Funding,155000.0,2017.0,4.0
2017-04-20,HolaChef,Consumer Internet,Mumbai,"SIDBI Venture Capital Ltd, Kalaari Capital",Private Equity,3000000.0,2017.0,4.0
2017-04-21,Video Ken,Consumer Internet,Bengaluru,"Ravi Garikipati, Surot Chatterjee, Ashish Agrawal, LG Chandrasekhar, Sashi Reddi",Seed Funding,1000000.0,2017.0,4.0
2017-04-24,Faasos,Food & Beverage,Pune,"Ligthbox Ventures II, Lightbox Expansion Fund, Sequoia Capital India, RuNet South Asia, RB Investments",Private Equity,6300000.0,2017.0,4.0
2017-04-24,Oyo Rooms,Consumer Internet,Gurgaon,SoftBank,Private Equity,250000000.0,2017.0,4.0
2017-04-24,Toppr,Consumer Internet,Mumbai,WGG International,Private Equity,3200000.0,2017.0,4.0
2017-04-25,The Office Pass,Consumer Internet,Gurgaon,"Arun Tadanki, Aditya Verma",Seed Funding,245000.0,2017.0,4.0
2017-04-25,UrbanClap,Consumer Internet,Gurgaon,Trifecta Capital,Private Equity,3100000.0,2017.0,4.0
2017-04-26,Awfis,Consumer Internet,Mumbai,Sequoia India,Private Equity,20000000.0,2017.0,4.0
2017-04-26,Flytxt,Technology,Mumbai,DAH Beteiligungs GmbH,Private Equity,11000000.0,2017.0,4.0
2017-04-26,Howdy Ventures,Consumer Internet,Chennai,S. Xavier Britto,Seed Funding,1500000.0,2017.0,4.0
2017-04-26,StalkBuyLove,eCommerce,Delhi,Trifecta Capital,Private Equity,1000000.0,2017.0,4.0
2017-04-27,Scootsy,Consumer Internet,Mumbai,"Agnus Capital, Khattar Holdings",Private Equity,3600000.0,2017.0,4.0
2017-04-27,iNurture,Consumer Internet,Bengaluru,BlackSoil Capital Pvt. Ltd,Private Equity,1500000.0,2017.0,4.0
2017-04-28,Sepalika,Consumer Internet,Delhi,Accel Partners,Seed Funding,750000.0,2017.0,4.0
2017-03-01,Ola,Consumer Internet,Bengaluru,SoftBank,Private Equity,330000000.0,2017.0,3.0
2017-03-01,Belong,Consumer Internet,Bengaluru,Sequoia Capital India,Private Equity,10000000.0,2017.0,3.0
2017-03-02,Celes Care,Consumer Internet,Hyderabad,"Ventureast, Endiya Partners, Eight Roads Ventures, F-Prime Capital Partners",Private Equity,1500000.0,2017.0,3.0
2017-03-02,Karomi,Technology,Chennai,Ideaspring Capital,Seed Funding,500000.0,2017.0,3.0
2017-03-02,Red Carpet,Consumer Internet,Gurgaon,Lightspeed Venture Partners,Private Equity,2500000.0,2017.0,3.0
2017-03-02,CreditMantri,Consumer Internet,Chennai,Quona Capital,Private Equity,7600000.0,2017.0,3.0
2017-03-03,Tydy,Technology,Bengaluru,"Bhupen Shah, Jayesh Parekh, Sanjay Sathe",Seed Funding,275000.0,2017.0,3.0
2017-03-03,Oho Shop,Technology,Ahmedabad,"Bennett, Coleman and Company Ltd",Private Equity,6700000.0,2017.0,3.0
2017-03-03,Paytm Marketplace,eCommerce,Bengaluru,Alibaba,Private Equity,200000000.0,2017.0,3.0
2017-03-04,iGenetics,Healthcare,Mumbai,CDC Group Plc,Private Equity,19500000.0,2017.0,3.0
2017-03-06,Juno Clinic,Consumer Internet,Mumbai,Atul Nishar,Seed Funding,1200000.0,2017.0,3.0
2017-03-06,Summerlabel,Consumer Internet,Gurgaon,"Aneesh Seth, Tushar Mittal",Seed Funding,150000.0,2017.0,3.0
2017-03-06,PickMe,Consumer Internet,Mumbai,SIDBI Venture Capital Fund,Private Equity,1790000.0,2017.0,3.0
2017-03-07,Agrostar,Technology,Pune,Accel Partners,Private Equity,10000000.0,2017.0,3.0
2017-03-07,Zapr,Technology,Bengaluru,Star India Pvt Ltd,Private Equity,10000000.0,2017.0,3.0
2017-03-07,Data Resolve,Technology,Noida,IDFC Parampara Early Stage Opportunities Fund,Private Equity,1000000.0,2017.0,3.0
2017-03-07,Book Servicing,Consumer Internet,Delhi,National Science and Technology Entrepreneurship Development Board,Seed Funding,30000.0,2017.0,3.0
2017-03-07,Blowhorn,Consumer Internet,Bengaluru,"IDG Ventures India, Michael & Susan Dell Foundation, Draper Associates, Unitus Seed Fund",Private Equity,3650000.0,2017.0,3.0
2017-03-08,Rivigo,Logistics,Gurgaon,Private Sector Banks (Debt Funding),Private Equity,15000000.0,2017.0,3.0
2017-03-08,PipeCandy,Technology,Chennai,"IDG ventures, Axilor Ventures, Emergent Ventures, Indian Angel Network",Seed Funding,1100000.0,2017.0,3.0
2017-03-08,Supr Daily,Consumer Internet,Mumbai,Y Combinator,Seed Funding,120000.0,2017.0,3.0
2017-03-09,AppBrowzer,Consumer Internet,Bengaluru,Deepak Gurnani,Seed Funding,500000.0,2017.0,3.0
2017-03-09,MagicBricks,Consumer Internet,Mumbai,Times Internet Ltd,Private Equity,4500000.0,2017.0,3.0
2017-03-10,PeeBuddy,Healthcare,Delhi,Indian Angel Network,Seed Funding,443000.0,2017.0,3.0
2017-03-10,Lavelle Networks,Technology,Bengaluru,Ideaspring Capital,Seed Funding,600000.0,2017.0,3.0
2017-03-15,LatestOne,eCommerce,Hyderabad,"Florintree, Mathew Cyriac, Chidambaram Palaniappan, Bharat Sheth",Private Equity,3350000.0,2017.0,3.0
2017-03-15,Frapperz,Consumer Internet,Kolkata,Undisclosed Investor,Seed Funding,100000.0,2017.0,3.0
2017-03-16,mPaani,Consumer Internet,Mumbai,"IDG Ventures, Blume Ventures, Saha Fund,",Private Equity,1350000.0,2017.0,3.0
2017-03-16,POPxo,Consumer Internet,Delhi,"GREE Ventures, Kalaari Capital and IDG Ventures India, Summit Media, Atul Goel, and Gurpreet Singh",Private Equity,3100000.0,2017.0,3.0
2017-03-16,Fitso,Consumer Internet,Gurgaon,"Sujeet Kumar, Bhupender Singh, Yashish Dhaiya",Seed Funding,200000.0,2017.0,3.0
2017-03-21,Flipkart,eCommerce,Bengaluru,"Microsoft, eBay, Tencent Holdings",Private Equity,1400000000.0,2017.0,3.0
2017-03-21,Airpay,Technology,Mumbai,"Kalaari Capital, Rakesh and Rajesh Jhunjhunwala",Private Equity,3670000.0,2017.0,3.0
2017-03-21,MyGlamm,Consumer Internet,Mumbai,L\\xe2\\x80\\x99Occitane,Private Equity,5300000.0,2017.0,3.0
2017-03-22,Haqdarshak,Consumer Internet,Bengaluru,"Ravi Saxena, Sandeep Raju,",Seed Funding,191000.0,2017.0,3.0
2017-03-23,Ixigo,Consumer Internet,Gurgaon,"Sequoia Capital, Kinzon Capital",Private Equity,15000000.0,2017.0,3.0
2017-03-23,Markets and Markets,Technology,Pune,"FTV Capital, Zodius Capital",Private Equity,56000000.0,2017.0,3.0
2017-03-24,Bizom,Technology,Bengaluru,Ojas Ventures,Seed Funding,382000.0,2017.0,3.0
2017-03-24,Delhivery,Technology,Delhi,"Carlyle Group, Tiger Global",Private Equity,100000000.0,2017.0,3.0
2017-03-28,Fynd,eCommerce,Mumbai,Venture Catalysts,Private Equity,500000.0,2017.0,3.0
2017-03-28,DoneThing,Consumer Internet,Gurgaon,Brand Capital,Private Equity,300000.0,2017.0,3.0
2017-03-29,Ithaka,Consumer Internet,Mumbai,"Ankit Gupta, Puneet Motihar",Seed Funding,325000.0,2017.0,3.0
2017-03-29,perpule,eCommerce,Bengaluru,KStart Capital,Seed Funding,650000.0,2017.0,3.0
2017-03-29,Licious,eCommerce,Bengaluru,"Mayfield India, 3one4 Capital, Sistema Asia Fund, Neoplux Technology Fund",Private Equity,10000000.0,2017.0,3.0
2017-03-29,Medinfi,Consumer Internet,Bengaluru,"Vinod Martin, Hemant Kaul, Prof. Ram Kumar Kakani & Others",Seed Funding,50000.0,2017.0,3.0
2017-03-31,Jhakaas,Consumer Internet,Mumbai,"Malini Patel, Stelcore Management Services, Anjani Prasad",Seed Funding,155000.0,2017.0,3.0
2017-03-31,Oriano Solar,Technology,Mumbai,Samridhi Fund,Private Equity,3000000.0,2017.0,3.0
2017-03-31,BigBasket,eCommerce,Bengaluru,Trifecta Capital,Private Equity,7000000.0,2017.0,3.0
2017-03-31,Icertis,Technology,Pune,"B Capital Group, Ignition Partners, Greycroft, e.ventures,\\xc2\\xa0 Eight Roads Ventures",Private Equity,25000000.0,2017.0,3.0
2017-02-06,Capital Float,Consumer Internet,Bengaluru,IFMR Capital Finance,Private Equity,2500000.0,2017.0,2.0
2017-02-07,Inner Hour,Consumer Internet,Mumbai,"Batlivala & Karani Securities, Venture Works",Seed Funding,450000.0,2017.0,2.0
2017-02-07,Travel Triangle,Consumer Internet,Noida,"RB Investments, SAIF Partners, Bessemer Venture Partners",Private Equity,10000000.0,2017.0,2.0
2017-02-08,Wandertrails,Consumer Internet,Bengaluru,Earlsfield Capital,Seed Funding,1000000.0,2017.0,2.0
2017-02-08,Zenatix,Technology,Gurgaon,"pi Ventures, Blume Ventures",Private Equity,1200000.0,2017.0,2.0
2017-02-08,Cartrade,Consumer Internet,Mumbai,Temasek Holdings,Private Equity,55000000.0,2017.0,2.0
2017-02-08,Edurev,Consumer Internet,Gurgaon,Facebook FB Start programme,Seed Funding,40000.0,2017.0,2.0
2017-02-09,Voonik,eCommerce,Bengaluru,"RB Investments, Sequoia Capital",Private Equity,6000000.0,2017.0,2.0
2017-02-09,Wooplr,eCommerce,Bengaluru,"Sistema Asia Fund, Amereus Group, Helion Ventures",Private Equity,8000000.0,2017.0,2.0
2017-02-10,48East,eCommerce,Bengaluru,Al Dhaheri family,Private Equity,500000.0,2017.0,2.0
2017-02-13,Sigtuple,Technology,Bengaluru,"Accel Partners, IDG Ventures, Endiya Partners, pi Ventures, VH Capital, Axilor Partners",Private Equity,5800000.0,2017.0,2.0
2017-02-13,Flutura,Technology,Bengaluru,"Vertex Ventures, Lumis Partners",Private Equity,7500000.0,2017.0,2.0
2017-02-13,Wassup,Consumer Internet,Chennai,Anil Jain & other HNIs,Private Equity,3200000.0,2017.0,2.0
2017-02-13,Better Mortgage,Consumer Internet,Gurgaon,"Kleiner Perkins, Goldman Sachs, Pine Brook",Private Equity,15000000.0,2017.0,2.0
2017-02-13,Nurturey,Consumer Internet,Delhi,Mohit Joshi & Others,Seed Funding,330000.0,2017.0,2.0
2017-02-13,Fyle,Technology,Bengaluru,Pravega Ventures,Seed Funding,400000.0,2017.0,2.0
2017-02-14,GoBumpr,Consumer Internet,Chennai,"Mahalingam K, Girish Mathrubootham",Seed Funding,300000.0,2017.0,2.0
2017-02-14,CCAvenue,Consumer Internet,Mumbai,Infibeam,Private Equity,22400000.0,2017.0,2.0
2017-02-15,ZestMoney,Consumer Internet,Bengaluru,"PayU, Ribbit Capital, Omidyar Network",Private Equity,6500000.0,2017.0,2.0
2017-02-15,AirZaar,Technology,Missourie,Quake Capital,Seed Funding,350000.0,2017.0,2.0
2017-02-16,Truebil,Consumer Internet,Mumbai,Shunwei Capital,Private Equity,3000000.0,2017.0,2.0
2017-02-16,YourStory,Consumer Internet,Bengaluru,"Kalaari Capital Partners, Qualcomm, 3ONE4 Capital Advisors, UC-RNT",Private Equity,3000000.0,2017.0,2.0
2017-02-17,Imaginate,Technology,Hyderabad,SRI Capital,Seed Funding,500000.0,2017.0,2.0
2017-02-17,The Ken,Consumer Internet,Bengaluru,"Aprameya Radhakrishna, Deepak Natraj, Girish Mathrubootham, Mahesh Murthy, Pallav Nadhani, Pavan Ongole, Sandeep Mathur, Vijay Shekhar Sharma & Others",Seed Funding,400000.0,2017.0,2.0
2017-02-17,Urban Ladder,eCommerce,Bengaluru,"Kalaari Capital, SAIF Partners, Steadview Capital, Sequoia Capital",Private Equity,15200000.0,2017.0,2.0
2017-02-17,Leopetra,eCommerce,Mumbai,Facebook FBStart,Seed Funding,40000.0,2017.0,2.0
2017-02-18,Blood n Care,Consumer Internet,Gurgaon,Facebook FBStart,Seed Funding,40000.0,2017.0,2.0
2017-02-20,Flipkart,eCommerce,Bengaluru,"Bennett, Coleman and Co. Ltd (BCCL)",Private Equity,38700000.0,2017.0,2.0
2017-02-21,True Balance,Consumer Internet,Gurgaon,SoftBank,Private Equity,15000000.0,2017.0,2.0
2017-02-22,Vebbler,Consumer Internet,Bengaluru,Facebook FBStart,Seed Funding,40000.0,2017.0,2.0
2017-02-23,Get My Parking,Consumer Internet,Delhi,"Indian Angel Network (IAN), BEENEXT, The Chennai Angels, Sunil Munjal",Private Equity,1100000.0,2017.0,2.0
2017-02-27,Biryani By Kilo,Consumer Internet,Gurgaon,"Chandigarh Angels, Ashish Gupta, Rohit, Ashish Chand, Sunil Singh & Others",Seed Funding,375000.0,2017.0,2.0
2017-02-27,Johari Shop,eCommerce,Bengaluru,Undisclosed Investors,Seed Funding,94000.0,2017.0,2.0
2017-02-28,NeoStencil,Consumer Internet,Delhi,"Brand Capital, Paragon Trust",Private Equity,1000000.0,2017.0,2.0
2017-02-28,Blackbuck,Logistics,Bengaluru,"Sands Capital, IFC, Accel Partners, Flipkart, Sanjiv Rangrass",Private Equity,70000000.0,2017.0,2.0
2017-01-02,TaxSutra,Consumer Internet,Pune,"TV Mohandas Pai, V Balakrishnan, PV Srinivasan",Seed Funding,366000.0,2017.0,1.0
2017-01-03,TempoGo,Technology,Panaji,K2 Capital,Seed Funding,825000.0,2017.0,1.0
2017-01-06,Leap India,Logistics,Mumbai,"India Nivesh Growth Fund, Sixth Sense, TCI Ventures",Private Equity,13000000.0,2017.0,1.0
2017-01-07,FreeCharge,Consumer Internet,Mumbai,Jasper Infotech Pvt Ltd,Private Equity,57000000.0,2017.0,1.0
2017-01-09,TicketNew,Consumer Internet,Chennai,Alibaba Pictures,Private Equity,35000000.0,2017.0,1.0
2017-01-10,Intelligence Node,Technology,Mumbai,BlackSoil Capital Pvt Ltd,Private Equity,800000.0,2017.0,1.0
2017-01-10,Securens,Technology,Mumbai,"Mayfield India, Trifecta Capital",Private Equity,5000000.0,2017.0,1.0
2017-01-10,Loan Frame,Consumer Internet,Gurgaon,"Vedanta Capital, William Campbell, Toos N Daruvala",Private Equity,2250000.0,2017.0,1.0
2017-01-10,Medinfi,Consumer Internet,Bengaluru,"Vinod Martin, Evan Lim, Kanchan Ghoshal, Ram Kumar Kakani",Seed Funding,100000.0,2017.0,1.0
2017-01-10,LensKart,eCommerce,Bengaluru,Ronnie Screwvala,Private Equity,3500000.0,2017.0,1.0
2017-01-12,Hansel.io,Consumer Internet,Bengaluru,"IDG Ventures, Endiya Partners",Private Equity,1350000.0,2017.0,1.0
2017-01-12,Square Yards,Consumer Internet,Gurgaon,"Lohia Group, Andre Hoffman",Private Equity,10000000.0,2017.0,1.0
2017-01-13,Roambee,Technology,Mumbai,Deutsche Telekom Strategic Investments & Others,Private Equity,4100000.0,2017.0,1.0
2017-01-13,iService,Consumer Internet,Bengaluru,"Blume Ventures, Girish Mathrubootham, Aprameya Radhakrishna",Seed Funding,440000.0,2017.0,1.0
2017-01-14,Unacademy,Consumer Internet,Bengaluru,"Nexus Venture Partners, Blume Ventures",Private Equity,4500000.0,2017.0,1.0
2017-01-16,ZoloStays,Consumer Internet,Bengaluru,"Nexus Venture Partners, Innoven Capital",Private Equity,5000000.0,2017.0,1.0
2017-01-16,HipCouch,Consumer Internet,Mumbai,Undisclosed Investors,Seed Funding,700000.0,2017.0,1.0
2017-01-17,Curiositi,Consumer Internet,Bengaluru,"Menterra Social Impact Fund, Unitus Seed Fund",Private Equity,800000.0,2017.0,1.0
2017-01-17,TinyStep,Consumer Internet,Bengaluru,Flipkart,Private Equity,2000000.0,2017.0,1.0
2017-01-17,Practo,Consumer Internet,Bengaluru,"Tencent,\\xc2\\xa0 ru-Net, RSI Fund, Thrive Capital",Private Equity,55000000.0,2017.0,1.0
2017-01-17,Ketchupp,Consumer Internet,Delhi,India Quotient and others,Seed Funding,441000.0,2017.0,1.0
2017-01-17,Hoopy,Consumer Internet,Gwalior,undisclosed investors,Seed Funding,500000.0,2017.0,1.0
2017-01-17,Ezytruk,Consumer Internet,Bengaluru,"Ajith Nair, Anish K",Seed Funding,147000.0,2017.0,1.0
2017-01-18,Vahdam Teas,eCommerce,Delhi,"Mumbai Angels Network, Fireside Ventures, Singapore Angel Network",Seed Funding,650000.0,2017.0,1.0
2017-01-18,Qwikspec,Technology,Bengaluru,Undisclosed Investors,Seed Funding,300000.0,2017.0,1.0
2017-01-19,Weddingz.in,Consumer Internet,Mumbai,Singularity Ventures,Private Equity,1000000.0,2017.0,1.0
2017-01-22,MessaGif,Consumer Internet,Delhi,Undisclosed investor,Seed Funding,50000.0,2017.0,1.0
2017-01-23,CueMath,Technology,Delhi,"CapitalG, Sequoia India",Private Equity,15000000.0,2017.0,1.0
2017-01-24,Khel Now,Consumer Internet,Bengaluru,Indochine International,Private Equity,500000.0,2017.0,1.0
2017-01-24,NowFloats,Consumer Internet,Hyderabad,"Iron Pillar and IIFL, Blume Ventures, Omidyar Network",Private Equity,10000000.0,2017.0,1.0
2017-01-24,Lets Transport,Consumer Internet,Bengaluru,"GMO Japan, Neelesh Bhatnagar",Private Equity,4000000.0,2017.0,1.0
2017-01-25,RML Agtech,Technology,Pune,IvyCap Ventures,Private Equity,4000000.0,2017.0,1.0
2017-01-25,InstaSafe,Technology,Bengaluru,ABM Knowledgeware,Private Equity,2200000.0,2017.0,1.0
2017-01-25,Infibeam,eCommerce,Ahmedabad,"Bennett, Coleman and Company Ltd",Private Equity,8800000.0,2017.0,1.0
2017-01-26,AirMed Labs,Consumer Internet,Ahmedabad,Brand Capital,Private Equity,1400000.0,2017.0,1.0
2017-01-26,99PerHour,Consumer Internet,Chennai,V Aanand R,Seed Funding,300000.0,2017.0,1.0
2017-01-30,Intuit Things,Technology,Mumbai,Sanjay Mehta & Others ( The Ten Minute Million),Seed Funding,106000.0,2017.0,1.0
2017-01-30,Cloudrino,Technology,Delhi,The Ten Minute Million,Seed Funding,22500.0,2017.0,1.0
2017-01-30,FabX,eCommerce,Mumbai,The Ten Minute Million,Seed Funding,68000.0,2017.0,1.0
2017-01-30,Maptags,Consumer Internet,Bengaluru,The Ten Minute Million,Seed Funding,18000.0,2017.0,1.0
2017-01-31,Heads Up For Tails,eCommerce,Delhi,Undisclosed Investors,Private Equity,2000000.0,2017.0,1.0
2016-12-01,SidQam,Technology,Noida,"SQue Capital, Grace Capital Ventures, Soham Vencaps",Private Equity,1200000.0,2016.0,12.0
2016-12-01,India Lends,Consumer Internet,Delhi,"DSG Consumer Partners, American Express Ventures, Cyber Carrier VC, AdvantEdge Partners",Private Equity,4000000.0,2016.0,12.0
2016-12-01,Slide App,Consumer Internet,Delhi,Songhyun Investment,Private Equity,3600000.0,2016.0,12.0
2016-12-02,Badiyajobs,Consumer Internet,Delhi,Undisclosed,Seed Funding,100000.0,2016.0,12.0
2016-12-02,TYGR,Technology,Mumbai,Franchise India,Private Equity,3000000.0,2016.0,12.0
2016-12-05,UrDoorStep,eCommerce,Bengaluru,Lakshmi Vilas Bank & undisclosed HNIs,Private Equity,1400000.0,2016.0,12.0
2016-12-06,Diro Labs,Consumer Internet,Delhi,Info Edge (India),Seed Funding,147000.0,2016.0,12.0
2016-12-07,Revv,Consumer Internet,Delhi,Edelweiss Private Equity,Private Equity,9000000.0,2016.0,12.0
2016-12-07,WealthApp,Consumer Internet,Bengaluru,"Venk Krishnan, MJ Aravind, Vikram Kotak, Jayant Davar,\\xc2\\xa0 Ramkumar Nishtal, Arjun Sharmaa",Seed Funding,440000.0,2016.0,12.0
2016-12-08,Zest Money,Consumer Internet,Mumbai,PayU,Private Equity,6500000.0,2016.0,12.0
2016-12-08,GoMechanic,Consumer Internet,Gurgaon,Venture Catalysts,Seed Funding,250000.0,2016.0,12.0
2016-12-09,Stalk Buy Love,eCommerce,Delhi,Kalaari Capital,Private Equity,6000000.0,2016.0,12.0
2016-12-09,Wittyparot,Technology,Bengaluru,Mumbai Angels,Seed Funding,450000.0,2016.0,12.0
2016-12-09,NeuroEquilibrium,Technology,Jaipur,Unicorn India Ventures,Seed Funding,250000.0,2016.0,12.0
2016-12-12,Xseed Education,Technology,Bengaluru,Verlinvest SA,Private Equity,10000000.0,2016.0,12.0
2016-12-12,Rupaiya Exchange,Consumer Internet,Delhi,Undisclosed Investors,Seed Funding,200000.0,2016.0,12.0
2016-12-12,Doctor Insta,Consumer Internet,Gurgaon,RoundGlass Partners,Private Equity,2000000.0,2016.0,12.0
2016-12-12,Fresh Food Concepts,Food & Beverage,Delhi,"Siddhartha Gupta, Ashvin Chadha",Seed Funding,2000000.0,2016.0,12.0
2016-12-13,Indifi,Consumer Internet,Gurgaon,Omidyar Network,Private Equity,10000000.0,2016.0,12.0
2016-12-13,OfBusiness,eCommerce,Gurgaon,"Zodius Technology Opportunities Fund, Matrix Partners",Private Equity,11100000.0,2016.0,12.0
2016-12-14,Qacco,Consumer Internet,Gurgaon,"Lead Angels Network, Anbu Pandian, Prabhakar MR & Others",Seed Funding,150000.0,2016.0,12.0
2016-12-14,Fitpass,Consumer Internet,Delhi,Mumbai Angels,Seed Funding,1000000.0,2016.0,12.0
2016-12-14,Trading Bells,Consumer Internet,Indore,Swastika Investmart Ltd,Seed Funding,297000.0,2016.0,12.0
2016-12-15,SERV\\xe2\\x80\\x99D,Consumer Internet,Pune,Digital Financial Service Lab,Seed Funding,100000.0,2016.0,12.0
2016-12-15,IdeaForge,Technology,Mumbai,"WRV Capital and IndusAge Partners, Infosys Innovation Fund",Private Equity,10000000.0,2016.0,12.0
2016-12-15,Amagi Media Labs,Technology,Mumbai,"Emerald Media, Premji Invest",Private Equity,35000000.0,2016.0,12.0
2016-12-15,Pocket Aces,Technology,Mumbai,"Sequoia Capital India, North Base Media, Aarin Capital, 3one4 Capital, Axilor Ventures, Kunal Shah, Sandeep Tandon",Private Equity,3000000.0,2016.0,12.0
2016-12-16,Pi Data Centers,Technology,Hyderabad,Epsilon Venture Partners,Private Equity,23000000.0,2016.0,12.0
2016-12-16,TripShelf,Consumer Internet,Delhi,"GEMS Advisory, Quarizon",Seed Funding,123000.0,2016.0,12.0
2016-12-19,NoBroker,Consumer Internet,Bengaluru,"KTB Network, SAIF Partners, BEENEXT, Digital Garage",Private Equity,7400000.0,2016.0,12.0
2016-12-20,VivoCarat,eCommerce,Mumbai,Undisclosed Investors,Seed Funding,50000.0,2016.0,12.0
2016-12-20,BYJU\\xe2\\x80\\x99s,Consumer Internet,Bengaluru,International Financial Corporation,Private Equity,15000000.0,2016.0,12.0
2016-12-21,The BlueBook,Consumer Internet,Bengaluru,"Indian Angel Network, Let\\xe2\\x80\\x99s Venture",Seed Funding,500000.0,2016.0,12.0
2016-12-21,Vegetall,eCommerce,Chennai,The Chennai Angels,Seed Funding,162000.0,2016.0,12.0
2016-12-22,Mindler,Consumer Internet,Delhi,Taxmann,Seed Funding,324000.0,2016.0,12.0
2016-12-22,MCaffeine,eCommerce,Bengaluru,"Kaushal Agarwal, Harminder Sahani, KK Mehra, Pranay Jivrajka, Navjot Saini",Seed Funding,300000.0,2016.0,12.0
2016-12-23,enKast,Technology,Bengaluru,Ivy League Alumni Angel Network,Private Equity,2000000.0,2016.0,12.0
2016-12-26,Dekkho,Consumer Internet,Mumbai,undisclosed investors,Seed Funding,1200000.0,2016.0,12.0
2016-12-26,Shadowfox,Logistics,Gurgaon,Eight Roads Ventures,Private Equity,10000000.0,2016.0,12.0
2016-12-27,ShopX,eCommerce,Bengaluru,Nandan Nilekani,Private Equity,5000000.0,2016.0,12.0
2016-12-29,Healthifyme,Consumer Internet,Bengaluru,NB Ventures,Private Equity,1000000.0,2016.0,12.0
2016-11-01,PickMyLaundry,Consumer Internet,Delhi,"Kedar Lele, GHV Accelerator",Seed Funding,200000.0,2016.0,11.0
2016-11-02,FreshDesk,Consumer Internet,Chennai,"Sequoia Capital India, Accel Partners",Private Equity,55000000.0,2016.0,11.0
2016-11-02,LaundryAnna,Consumer Internet,Bengaluru,Undisclosed Investors,Seed Funding,150000.0,2016.0,11.0
2016-11-03,Zarget,Technology,Chennai,Sequoia India,Private Equity,6000000.0,2016.0,11.0
2016-11-03,EasyPolicy,Consumer Internet,Noida,"Unilazer Ventures,",Private Equity,10000000.0,2016.0,11.0
2016-11-04,Connect India,Logistics,Bengaluru,Aavishkaar Venture Management,Private Equity,1000000.0,2016.0,11.0
2016-11-04,Corseco,Technology,Delhi,"Ameera Shah, Vivek Bhargava",Seed Funding,150000.0,2016.0,11.0
2016-11-05,Medzin,eCommerce,Delhi,A M Sikander,Seed Funding,45000.0,2016.0,11.0
2016-11-05,Bizongo,eCommerce,Mumbai,"IDG Ventures, Accel Partners",Private Equity,3000000.0,2016.0,11.0
2016-11-07,Rivigo,Technology,Gurgaon,Warburg Pincus,Private Equity,75000000.0,2016.0,11.0
2016-11-07,JustRide,Consumer Internet,Mumbai,"Justin Kan, Qasar Younis, Paul Bucche, Susa Ventures, Kima Ventures, Axan Venture, SCM Holdings",Private Equity,3000000.0,2016.0,11.0
2016-11-09,IIM Jobs,Consumer Internet,Delhi,India Quotient,Private Equity,2000000.0,2016.0,11.0
2016-11-09,Square Yards,Consumer Internet,Gurgaon,ADAG Reliance Private Equity,Private Equity,12000000.0,2016.0,11.0
2016-11-10,GolfLAN,Consumer Internet,Delhi,"YourNest Angel Fund, iSON",Private Equity,1000000.0,2016.0,11.0
2016-11-14,Active.ai,Technology,Singapore,"Kalaari Capital, IDG Ventures India",Private Equity,3000000.0,2016.0,11.0
2016-11-14,ElasticRun,Technology,Pune,"Kalaari Capital, Norwest Venture Partners",Private Equity,2000000.0,2016.0,11.0
2016-11-15,Zefo,eCommerce,Bengaluru,"Sequoia India, BEENEXT, Helion Ventures",Private Equity,6000000.0,2016.0,11.0
2016-11-15,PlaySimple,Technology,Bengaluru,"SAIF Partners, IDG Ventures India",Private Equity,4000000.0,2016.0,11.0
2016-11-16,Stasis Labs,Technology,Bengaluru,"RTP-HC, Wonder Ventures, Techstars Ventures & Others",Private Equity,5000000.0,2016.0,11.0
2016-11-17,Koovs,eCommerce,Delhi,Times of India Group & Existing investors,Private Equity,13500000.0,2016.0,11.0
2016-11-17,Pictor Imaging,Consumer Internet,Mumbai,Quarizon,Seed Funding,147000.0,2016.0,11.0
2016-11-18,GramCover,Finance,Delhi,Omnivore Capital,Seed Funding,1000000.0,2016.0,11.0
2016-11-21,Bats on delivery,Consumer Internet,Gurgaon,Devdeep Singh,Seed Funding,90000.0,2016.0,11.0
2016-11-21,numberz.in,Technology,Gurgaon,"Kae Capital, Khosla Impact",Seed Funding,650000.0,2016.0,11.0
2016-11-22,Housing.com,Consumer Internet,Mumbai,SoftBank,Private Equity,5000000.0,2016.0,11.0
2016-11-22,Awesummly,Consumer Internet,Bengaluru,"Vivek Bhargava, Ameera Shah",Seed Funding,147000.0,2016.0,11.0
2016-11-22,Vymo,Technology,Bengaluru,Sequoia India,Private Equity,5000000.0,2016.0,11.0
2016-11-22,Noddapp,Consumer Internet,Mumbai,Undisclosed multiple investors,Seed Funding,147000.0,2016.0,11.0
2016-11-23,Knowlarity,Consumer Internet,Bengaluru,"Delta Partners, Sequoia India,\\xc2\\xa0 Mayfield, Blacksoil, Trifecta Capital",Private Equity,20000000.0,2016.0,11.0
2016-11-23,Infisecure,Technology,Mumbai,"IDG Ventures, Axilor Ventures",Seed Funding,600000.0,2016.0,11.0
2016-11-23,Udaan,eCommerce,Bengaluru,"Lightspeed Venture Partners India, Lightspeed US",Private Equity,10000000.0,2016.0,11.0
2016-11-24,ShareChat,Consumer Internet,Mumbai,"Lightspeed India Partners, SAIF Partners, India Quotient, Venture Highway",Private Equity,4000000.0,2016.0,11.0
2016-11-28,Kloseby,Consumer Internet,Bengaluru,Undisclosed Investor,Seed Funding,100000.0,2016.0,11.0
2016-11-28,WholeSaleBox,eCommerce,Jaipur,"Manish Maheshwari, Contrarian Vriddhi Fund",Private Equity,2000000.0,2016.0,11.0
2016-11-29,Affordplan,Consumer Internet,Delhi,"Prime Venture Partners, Kalaari Capital",Private Equity,3000000.0,2016.0,11.0
2016-11-30,HandyTrain,Consumer Internet,Goa,"Silver Range Investments, Lumina Datamatics, Shun Yoshida & Others",Private Equity,1000000.0,2016.0,11.0
2016-11-30,ShopsUp,eCommerce,Bengaluru,"Anand Sankeshwar, Yang Shu",Seed Funding,963000.0,2016.0,11.0
2016-11-30,Indofash,eCommerce,Bengaluru,"Shekhar Sahu, Nitesh Pant",Seed Funding,150000.0,2016.0,11.0
2016-11-30,Entropika,Technology,Bengaluru,"Dileep Bhatt, Milind Chaudhary",Seed Funding,200000.0,2016.0,11.0
2016-11-30,MarianaIQ,Technology,Bengaluru,Exfinity Venture Partners,Private Equity,2000000.0,2016.0,11.0
2016-11-30,Chai Thela,Food & Beverage,Noida,Quarizon,Seed Funding,218000.0,2016.0,11.0
2016-11-30,Interviewpad,Technology,Pune,Krishna Rokhale,Seed Funding,100000.0,2016.0,11.0
2016-11-30,Math Buddy,Consumer Internet,Vadodara,Menterra Social Impact Fund,Seed Funding,440000.0,2016.0,11.0
2016-11-30,Pulse,Consumer Internet,Bengaluru,SAIF Partners,Private Equity,500000.0,2016.0,11.0
2016-11-30,Carcrew.in,Consumer Internet,Mumbai,TVS Group,Seed Funding,500000.0,2016.0,11.0
2016-10-03,Mystifly,Consumer Internet,Bengaluru,Recruit Holdings,Private Equity,5000000.0,2016.0,10.0
2016-10-03,Uniphore,Technology,Chennai,"IDG Ventures, Indian Angel Network (IAN), YourNest Angel Fund",Private Equity,2000000.0,2016.0,10.0
2016-10-03,World Art Community,eCommerce,Gurgaon,Viraj Tyagi & Others,Seed Funding,200000.0,2016.0,10.0
2016-10-04,Giftxoxo,eCommerce,Bengaluru,Mahindra Holidays & Resorts India Ltd,Private Equity,450000.0,2016.0,10.0
2016-10-04,India Gifts Portal,eCommerce,Noida,"Naveen Arya, Tarun Joshi",Private Equity,2000000.0,2016.0,10.0
2016-10-04,Moglix,eCommerce,Noida,"Accel Partners, Jungle Ventures, SeedPlus",Private Equity,4200000.0,2016.0,10.0
2016-10-04,NetLinx,Consumer Internet,Hyderabad,"Xchange Investors NV, TransGlobal FZC",Private Equity,3000000.0,2016.0,10.0
2016-10-04,Remitr,Consumer Internet,Mumbai,"Vijay Shekhar Sharma, Pravin Gandhi,\\xc2\\xa0 Smart Start Fund; Kunal Shah,\\xc2\\xa0 Sandeep Tandon, Vishal Gondal, & Others",Seed Funding,1000000.0,2016.0,10.0
2016-10-04,InnerChef,Consumer Internet,Gurgaon,"Mistletoe, M&S Partners",Private Equity,2500000.0,2016.0,10.0
2016-10-04,AppsDaily,Consumer Internet,Mumbai,"Zodius Capital, Kalaari Capital, Qualcomm Ventures, Russian venture capital fund Ru-Net, Mumbai Angels",Private Equity,3750000.0,2016.0,10.0
2016-10-05,UE LifeSciences,Technology,Mumbai,"Kiran Mazumdar-Shaw, Unitus Seed Fund",Private Equity,1200000.0,2016.0,10.0
2016-10-06,RealBox,Technology,Noida,Hyderabad Angels,Seed Funding,300000.0,2016.0,10.0
2016-10-06,GoZefo,eCommerce,Bengaluru,"Helion Venture Partners, BeeNext",Private Equity,1050000.0,2016.0,10.0
2016-10-07,RayIOT,Technology,Bengaluru,HAX Accelerator,Seed Funding,100000.0,2016.0,10.0
2016-10-07,KOOH Sports,Technology,Mumbai,"HDFC, Faering Capital, Elevate Sports",Private Equity,2200000.0,2016.0,10.0
2016-10-07,Flexiloans,Consumer Internet,Mumbai,"Sanjay Nayar, Vikram Sud, Anil Jaggia, Narayan Seshadri",Private Equity,15000000.0,2016.0,10.0
2016-10-10,Vithi.com,eCommerce,Delhi,undisclosed investor,Seed Funding,375000.0,2016.0,10.0
2016-10-11,Yupp TV,Consumer Internet,Bengaluru,Emerald Media,Private Equity,50000000.0,2016.0,10.0
2016-10-11,Deyor Camps,Consumer Internet,Gurgaon,"Nitin Passi, Manickam Mahalingam, Udaan Angels, Rajesh Arora, Arkas Industries",Seed Funding,500000.0,2016.0,10.0
2016-10-13,FabAlley,ecommerce,Noida,"India Quotient, FAO Ventures, Indian Angel Network, Tushar Singh, Ranjan Sharma",Private Equity,2000000.0,2016.0,10.0
2016-10-13,RoboVac,Technology,Ahmedabad,Virendra Patel,Seed Funding,450000.0,2016.0,10.0
2016-10-14,Newspatrolling,Consumer Internet,Delhi,Undisclosed,Seed Funding,25000.0,2016.0,10.0
2016-10-14,Postman,Consumer Internet,Bengaluru,Nexus Venture Partners,Private Equity,7000000.0,2016.0,10.0
2016-10-14,ISFC,Finance,Hyderabad,Gray Matters Capital,Private Equity,6000000.0,2016.0,10.0
2016-10-15,DailyHunt,Consumer Internet,Bengaluru,"ByteDance, Arun Sarin, Matrix Partners, Sequoia Capital India, Omidyar Network,\\xc2\\xa0 Falcon Edge",Private Equity,25000000.0,2016.0,10.0
2016-10-15,Tazzo Bikes,Consumer Internet,Hyderabad,DSG Consumer Partners,Seed Funding,227000.0,2016.0,10.0
2016-10-15,MyKindofJob,Consumer Internet,Mumbai,"Mayank Shah, Shreyans Shah",Seed Funding,1000000.0,2016.0,10.0
2016-10-17,Yumigo,Consumer Internet,Gurgaon,Hemant Sahni,Seed Funding,300000.0,2016.0,10.0
2016-10-17,Rentalpha,Others,Mumbai,Bravia Capital,Private Equity,16000000.0,2016.0,10.0
2016-10-18,3Dexter,Technology,Delhi,Newbie Promoters,Seed Funding,150000.0,2016.0,10.0
2016-10-18,MySUN,Technology,Noida,General Catalyst Partners,Private Equity,2500000.0,2016.0,10.0
2016-10-19,Furlenco,Consumer Internet,Bengaluru,"Lightbox Ventures, Axis Capital & Others",Private Equity,30000000.0,2016.0,10.0
2016-10-19,Fisdom,Consumer Internet,Bengaluru,"Saama Capital, Raghunandan G, Aprameya Radhakrishna",Private Equity,1100000.0,2016.0,10.0
2016-10-19,Actofit,Technology,Mumbai,Next Orbit Ventures Fund,Private Equity,750000.0,2016.0,10.0
2016-10-21,ChatOnGo,Consumer Internet,Mumbai,Janak Jain,Seed Funding,300000.0,2016.0,10.0
2016-10-24,Healthians,Consumer Internet,Gurgaon,BEENEXT,Private Equity,3000000.0,2016.0,10.0
2016-10-24,Box8,Consumer Internet,Mumbai,"IIFL Seed Ventures Fund, Mayfield Ventures",Private Equity,7500000.0,2016.0,10.0
2016-10-25,Kredx,eCommerce,Bengaluru,Sequoia Capital,Private Equity,6000000.0,2016.0,10.0
2016-10-25,CreditMate,Consumer Internet,Mumbai,India Quotient,Seed Funding,500000.0,2016.0,10.0
2016-10-25,SooperMO,Technology,Gurgaon,Lalit Vase,Seed Funding,100000.0,2016.0,10.0
2016-10-26,OrangeTwig,Consumer Internet,Delhi,Undisclosed investor,Seed Funding,1000000.0,2016.0,10.0
2016-10-26,The Kettlery,eCommerce,Ahmedabad,"hooting Starts Sports LLP, Franchise India Brands",Private Equity,1000000.0,2016.0,10.0
2016-10-27,Idea Bubbles,Consumer Internet,Bengaluru,"1Crowd, Eureka Forbes Ltd, Shapoorji Pallonji & Co. Ltd.",Private Equity,700000.0,2016.0,10.0
2016-10-27,FR8,Technology,Chennai,Omnivore Partners,Private Equity,971000.0,2016.0,10.0
2016-10-27,Ather Energy,Technology,Bengaluru,Hero MotoCorp,Private Equity,27000000.0,2016.0,10.0
2016-10-29,Velmenni,Technology,Delhi,Kalaari Capital,Seed Funding,100000.0,2016.0,10.0
2016-10-29,Volta Motors,Technology,Chennai,Kalaari Capital,Seed Funding,100000.0,2016.0,10.0
2016-10-29,Cyclops,Technology,Bengaluru,Kalaari Capital,Seed Funding,100000.0,2016.0,10.0
2016-10-30,Impact Analytics,Technology,Bengaluru,"Aarin Capital, Michael Herzig, Ashish Lakhanpal",Private Equity,750000.0,2016.0,10.0
2016-10-31,Talent Next,Consumer Internet,Mumbai,Karanpal Singh & Others,Seed Funding,1000000.0,2016.0,10.0
2016-09-01,Mihup,Technology,Kolkata,Accel Partners,Private Equity,6700000.0,2016.0,9.0
2016-09-06,eShakti,eCommerce,Chennai,"Infina Finance Pvt. Ltd, Uday Kotak",Private Equity,1350000.0,2016.0,9.0
2016-09-06,CheersOye!,Consumer Internet,Mumbai,Undisclosed Investors,Seed Funding,500000.0,2016.0,9.0
2016-09-06,BigStylist,Consumer Internet,Mumbai,Info Edge (India) Ltd,Private Equity,900000.0,2016.0,9.0
2016-09-07,Zilingo,eCommerce,Bangalore/ Bangkok,"Venturra Capital, Sequoia India, Susquehanna International Group.\\xc2\\xa0 Wavemaker Partners, Beenext, Beenos, Digital Garage",Private Equity,8000000.0,2016.0,9.0
2016-09-07,Alternacare,Consumer Internet,Delhi,Eros Labs,Seed Funding,500000.0,2016.0,9.0
2016-09-07,Simplilearn,Education,Bengaluru,InnoVen Capital India,Private Equity,6000000.0,2016.0,9.0
2016-09-07,Prozo,eCommerce,Gurgaon,"Earlsfield Capital, Sailender Solanki, Rajiv Solanki",Seed Funding,315000.0,2016.0,9.0
2016-09-08,TopRankers,Education,Bengaluru,"CareerNet Consulting Pvt. Ltd, Ideation Initiative Pvt. Ltd,",Seed Funding,670000.0,2016.0,9.0
2016-09-08,BuildTraders,eCommerce,Bengaluru,Idein Ventures,Seed Funding,200000.0,2016.0,9.0
2016-09-09,Byju\\xe2\\x80\\x99s,Education,Bengaluru,"Chan Zuckerberg Initiative, Times Internet Ltd, Sequoia Capital, Sofina, Lightspeed Ventures",Private Equity,50000000.0,2016.0,9.0
2016-09-10,CureInstant,Consumer Internet,Delhi,Dr. Rameshwar Kumar,Seed Funding,150000.0,2016.0,9.0
2016-09-10,Poshtic,Consumer Internet,Noida,"havya Sharma, Amit Nagar",Seed Funding,450000.0,2016.0,9.0
2016-09-12,Purple Style Labs,Consumer Internet,Mumbai,"Augment Ventures, Rahul Kayan, Nikhil Golcha, Shubham Gupta, Roy Kwan",Seed Funding,448000.0,2016.0,9.0
2016-09-12,Inuxu,Technology,Pune,Fork Media,Private Equity,3000000.0,2016.0,9.0
2016-09-12,Nykaa,eCommerce,Mumbai,"Sunil Munjal, Mariwala family",Private Equity,12300000.0,2016.0,9.0
2016-09-12,Glam Studios,Consumer Internet,Noida,"Pradeep Mirani, Aqeel Ahmed, Anand Ladsariya, Nitin Agarwal",Seed Funding,300000.0,2016.0,9.0
2016-09-13,NearBuy,Consumer Internet,Gurgaon,BlackSoil Capital Pvt. Ltd.,Private Equity,2500000.0,2016.0,9.0
2016-09-14,Flocareer,Consumer Internet,Bengaluru,"Balasubramanian Krishnamurthy, Sidhartha Hazarika & Others",Seed Funding,150000.0,2016.0,9.0
2016-09-15,infeedo,Consumer Internet,Gurgaon,"Dheeraj Jain, Palash Jain, Anupam Mittal, Ameera Shah,\\xc2\\xa0 Vivek Bhargava, Rahul Singh, Ambarish Gupta,",Seed Funding,200000.0,2016.0,9.0
2016-09-15,Furlenco,eCommerce,Bengaluru,Lightbox Ventures and others,Private Equity,5000000.0,2016.0,9.0
2016-09-15,GoPigeon,Consumer Internet,Bengaluru,Nexus Venture Partners,Private Equity,1500000.0,2016.0,9.0
2016-09-16,NewsDistill,Consumer Internet,Hyderabad,"Ganesh Narasimhan, Ramana Thumu, Sudhir Mallem",Seed Funding,100000.0,2016.0,9.0
2016-09-16,DoctorInsta,Consumer Internet,Gurgaon,RoundGlass Partners,Private Equity,1000000.0,2016.0,9.0
2016-09-19,Milofy,Consumer Internet,Bengaluru,Accel Partners,Seed Funding,750000.0,2016.0,9.0
2016-09-19,Swiggy,Consumer Internet,Bengaluru,Bessemer Venture Partners,Private Equity,15000000.0,2016.0,9.0
2016-09-20,JustLikeNew,eCommerce,Hyderabad,LetsVenture,Seed Funding,500000.0,2016.0,9.0
2016-09-21,Co Life,Consumer Internet,Bengaluru,Undisclosed Investors,Seed Funding,1000000.0,2016.0,9.0
2016-09-21,Pepperfry,eCommerce,Mumbai,"Goldman Sachs Group, Zodius Technology Fund, Norwest Venture Partners, Bertelsmann India",Private Equity,31300000.0,2016.0,9.0
2016-09-21,eQuickies,eCommerce,Ahmedabad,Lothal Angel Ventures,Seed Funding,298000.0,2016.0,9.0
2016-09-21,Khel Now,Consumer Internet,Delhi,Anglian Omega Network,Seed Funding,350000.0,2016.0,9.0
2016-09-22,Gadgetwood,Consumer Internet,Delhi,Carpediem Capital,Private Equity,6000000.0,2016.0,9.0
2016-09-22,Flixy Games,Technology,Bengaluru,Rebright Partners,Seed Funding,425000.0,2016.0,9.0
2016-09-22,HashTaag,Technology,Bengaluru,Undisclosed investors,Seed Funding,1000000.0,2016.0,9.0
2016-09-22,PharmaRack,Technology,Pune,"Currae Healthtech Fund, Unicorn India Ventures",Private Equity,745000.0,2016.0,9.0
2016-09-23,\\xc2\\xa0CloudCherry,Technology,Chennai,"Vertex Ventures, Cisco Ventures, IDG Ventures",Private Equity,6000000.0,2016.0,9.0
2016-09-27,TinyStep,Consumer Internet,Bengaluru,Flipkart Logistics Pvt. Ltd,Private Equity,1580000.0,2016.0,9.0
2016-09-28,Beardo,eCommerce,Ahmedabad,Venture Catalysts,Seed Funding,500000.0,2016.0,9.0
2016-09-28,Instacar,Consumer Internet,Indore,Swastika Co Ltd.,Seed Funding,1000000.0,2016.0,9.0
2016-09-28,Celes Care,Consumer Internet,Hyderabad,Endiya Partners,Seed Funding,1000000.0,2016.0,9.0
2016-09-28,Druva,Technology,Pune,"Sequoia India, EDBI, Blue Cloud Ventures, Hercules Capital",Private Equity,51000000.0,2016.0,9.0
2016-09-29,Promon,eCommerce,Delhi,Now Capital,Seed Funding,180000.0,2016.0,9.0
2016-09-29,Unocoin,Consumer Internet,Bengaluru,"Blume Ventures, Mumbai Angels, ah! Ventures, Digital Currency Group, Boost VC, Bank to the Future and Funders Club",Private Equity,1500000.0,2016.0,9.0
2016-09-30,Zeta,Technology,Mumbai,Bhavin Turakhia,Private Equity,19000000.0,2016.0,9.0
2016-08-01,HealthKart,eCommerce,Gurgaon,"Sequoia Capital India, Omidyar Network, Kae Capital",Private Equity,12000000.0,2016.0,8.0
2016-08-01,Medinfi,Consumer Internet,Bengaluru,"Mudit Saxena, Evan Lim",Seed Funding,200000.0,2016.0,8.0
2016-08-01,RepairEasy,Consumer Internet,Pune,Undisclosed HNIs,Seed Funding,275000.0,2016.0,8.0
2016-08-01,Voonik,eCommerce,Bengaluru,InnoVen Capital,Private Equity,3000000.0,2016.0,8.0
2016-08-01,Tokri,Consumer Internet,Pune,Syska LED group,Private Equity,2500000.0,2016.0,8.0
2016-08-02,Sheroes,Consumer Internet,Noida,"Lumis Partners, The HR Fund, Rajul Garg, Quintillion Media",Private Equity,1800000.0,2016.0,8.0
2016-08-02,Yumlane,Food & Beverage,Mumbai,"Binny Bansal, Anupam Mittal, Sachin Bhatia, Darius Pandole, Kunal Khattar, Dheerag Jain",Seed Funding,1000000.0,2016.0,8.0
2016-08-03,ExtraCarbon,Consumer Internet,Gurgaon,Brand Capital,Seed Funding,225000.0,2016.0,8.0
2016-08-03,FlickBay,Consumer Internet,Mumbai,Paul Roy,Seed Funding,890000.0,2016.0,8.0
2016-08-04,Petoo,Consumer Internet,Bengaluru,Existing Investors,Seed Funding,500000.0,2016.0,8.0
2016-08-06,VST Travels,Technology,Kerala,Promatus Group,Seed Funding,27000.0,2016.0,8.0
2016-08-08,Wefly Indoor Skydiving,Others,Mumbai,Swastika Company Ltd.,Seed Funding,40000.0,2016.0,8.0
2016-08-08,Mojarto,eCommerce,Gurgaon,Undisclosed Investors,Seed Funding,445000.0,2016.0,8.0
2016-08-08,Zipgrid,Consumer Internet,Mumbai,1Crowd (through crowd funding),Seed Funding,200000.0,2016.0,8.0
2016-08-10,Vebbler,Consumer Internet,Bengaluru,"Anupam Mittal, Sharad Sharma & 14 others",Seed Funding,500000.0,2016.0,8.0
2016-08-10,Bombay Shaving Company,eCommerce,Delhi,"Noshir Kaka, Subramanian Ramadorai, Kiran Deshpande, Pankaj Gupta, Ravi Nigam & Others",Seed Funding,600000.0,2016.0,8.0
2016-08-11,Travelyaari,Consumer Internet,Bengaluru,"Gujarat Venture Finance Limited (GVFL), Bennett Coleman & Co. Ltd",Private Equity,7000000.0,2016.0,8.0
2016-08-11,Genextstudents,Consumer Internet,Mumbai,1Crowd (through crowdfunding),Seed Funding,209000.0,2016.0,8.0
2016-08-11,Zenoti,Technology,Hyderabad,"Norwest Venture Partners, Accel India",Private Equity,15000000.0,2016.0,8.0
2016-08-12,Crofarm,Technology,Gurgaon,"Mukul Singhal, Rohit Jain, Himanshu Aggrawal, Sunil Goyal Ashish Gupta,",Private Equity,1500000.0,2016.0,8.0
2016-08-12,Faircent.com,Consumer Internet,Gurgaon,Brand Capital,Private Equity,1500000.0,2016.0,8.0
2016-08-12,Innovaccer,Technology,Noida,Westbridge Capital Partners,Private Equity,15600000.0,2016.0,8.0
2016-08-12,Cuberoot,Technology,Gurgaon,Undisclosed Investors,Seed Funding,500000.0,2016.0,8.0
2016-08-16,OyoRooms,Consumer Internet,Delhi,SoftBank,Private Equity,62000000.0,2016.0,8.0
2016-08-16,Hike,Consumer Internet,Delhi,"Tencent Holdings, Foxconn Technology Group, Tiger Global, SoftBank",Private Equity,175000000.0,2016.0,8.0
2016-08-16,Joolz,eCommerce,Mumbai,"Powerhouse Ventures, M&S Partners",Private Equity,500000.0,2016.0,8.0
2016-08-16,SaleBhai,eCommerce,Ahmedabad,Brand Capital,Private Equity,1500000.0,2016.0,8.0
2016-08-16,Makkajai,Technology,Pune,"Anand Chandrasekaran, Ananth Narayanan, Mekin Maheshwari, Ravi Garikipati, Divyesh Shah, Swastika Company Ltd",Seed Funding,250000.0,2016.0,8.0
2016-08-17,MaalGaadi,Logistics,Indore,"Swan Angel Network,Sachin Khandelwal and others",Seed Funding,375000.0,2016.0,8.0
2016-08-17,Appknox,Technology,Bengaluru,"SeedPlus, Infocomm Investments, Accel Partners RNT Associates",Private Equity,675000.0,2016.0,8.0
2016-08-19,Quikr,Consumer Internet,Mumbai,Brand Capital,Private Equity,20000000.0,2016.0,8.0
2016-08-19,Digio,Technology,Bengaluru,Rainmatter,Private Equity,375000.0,2016.0,8.0
2016-08-22,Puro Wellness,healthcare,Mumbai,Torrent Group,Private Equity,37000000.0,2016.0,8.0
2016-08-23,Notesgen,Consumer Internet,Delhi,"Riju Gupta, Kamal Chabra",Seed Funding,100000.0,2016.0,8.0
2016-08-23,Octo.ai,Technology,Delhi,"Outbox Ventures, Jaspreet Bindra, Arjun Malhotra, Rohan Malhotra, Sidharth Rao, Rakesh Agrawal",Seed Funding,200000.0,2016.0,8.0
2016-08-24,UnaAcademy,Consumer Internet,Bengaluru,"Blume Ventures, Sachin Bansal, Vijay Shekhar Sharma, Binny Bansal,\\xc2\\xa0 Kunal Shah, Sandeep Tandon, Ashish Tulsian",Private Equity,1000000.0,2016.0,8.0
2016-08-24,Advenio,Technology,Chandigarh,Kalaari Capital,Seed Funding,100000.0,2016.0,8.0
2016-08-24,Guarented,eCommerce,Bengaluru,Kalaari Capital,Seed Funding,500000.0,2016.0,8.0
2016-08-24,Uber Dreams,eCommerce,Mumbai,Mohit Lalvani,Seed Funding,500000.0,2016.0,8.0
2016-08-24,Convegenius,Education,Noida,Michael and Susan Dell Foundation,Private Equity,900000.0,2016.0,8.0
2016-08-24,UrbanLadder,eCommerce,Mumbai,Trifecta Capital,Private Equity,3000000.0,2016.0,8.0
2016-08-25,Cult,Healthcare,Bengaluru,CureFit,Private Equity,3000000.0,2016.0,8.0
2016-08-25,ZoomCar,Consumer Internet,Bengaluru,Ford Smart Mobility Llc,Private Equity,24000000.0,2016.0,8.0
2016-08-26,Plix,Consumer Internet,Gurgaon,Instalabs,Seed Funding,500000.0,2016.0,8.0
2016-08-26,Mobikwik,Consumer Internet,Gurgaon,Net1 UEPS Technologies Inc,Private Equity,40000000.0,2016.0,8.0
2016-08-26,MyDidi,Consumer Internet,Mumbai,Undisclosed Ex Mckinsey Directors and Partners,Seed Funding,550000.0,2016.0,8.0
2016-08-29,LoanTap,Consumer Internet,Mumbai,"Dr. Abhishek Pandey, Jaysukh Sapra",Private Equity,3000000.0,2016.0,8.0
2016-08-29,Runnr,Consumer Internet,Bengaluru,"Nexus Venture Partners, Blume Ventures",Private Equity,7000000.0,2016.0,8.0
2016-08-29,Notion Press,Consumer Internet,Chennai,Undisclosed HNI investors,Private Equity,1000000.0,2016.0,8.0
2016-08-29,LivSpace,Consumer Internet,Bengaluru,"Bessemer Venture Partners, Jungle Ventures, Helion Ventures",Private Equity,15000000.0,2016.0,8.0
2016-08-30,iAugmentor Labs,Technology,Gurgaon,Rajasthan Angel Investor Network & Others,Seed Funding,149000.0,2016.0,8.0
2016-08-30,DayBox,Consumer Internet,Delhi,"Ashutosh Lawania, Rajul Jain, Badal Malick, Rishi Gupta & Others",Seed Funding,104000.0,2016.0,8.0
2016-08-30,Paytm,eCommerce,Bengaluru,MediaTek Inc.,Private Equity,60000000.0,2016.0,8.0
2016-08-30,CropIn,Technology,Bengaluru,Sophia Investment ApS,Private Equity,2000000.0,2016.0,8.0
2016-08-30,Canvera,Consumer Internet,Bengaluru,Info Edge (India) Ltd,Private Equity,3000000.0,2016.0,8.0
2016-08-31,Flyrobe,eCommerce,Mumbai,"IDG Ventures, Sequoia Capital, GREE Ventures",Private Equity,5300000.0,2016.0,8.0
2016-07-01,Venture Catalysts,Consumer Internet,Mumbai,Zaffiro Ventures,Seed Funding,500000.0,2016.0,7.0
2016-07-02,Playment,Consumer Internet,Bengaluru,SAIF Partners,Private Equity,700000.0,2016.0,7.0
2016-07-04,Curefit,Consumer Internet,Bengaluru,"Accel Partners, IDG Ventures, Kalaari Capital",Private Equity,15000000.0,2016.0,7.0
2016-07-04,StitchWood,eCommerce,Mumbai,Deepak Gupta,Seed Funding,200000.0,2016.0,7.0
2016-07-04,Grab.in,Logistics,Mumbai,Aramex Ventures Llc,Private Equity,2000000.0,2016.0,7.0
2016-07-04,NeoGrowth,Finance,Mumbai,"IIFL Wealth Management Seed Venture Fund, Omidyar Network, Khosla Impact, Aspada",Private Equity,16000000.0,2016.0,7.0
2016-07-05,SeeDoc,Consumer Internet,Gurgaon,YourNest Angel Fund\\xc2\\xa0 & Others,Private Equity,1000000.0,2016.0,7.0
2016-07-05,BookMyShow,Consumer Internet,Mumbai,"Stripes Group, Network 18, Accel Partners, SAIF Partners",Private Equity,82000000.0,2016.0,7.0
2016-07-05,Flyrobe,eCommerce,Mumbai,"Sequoia Capital, Rohit Bansal, Kunal Bahl, Sandeep Tandon, Kunal Shah, Zishaan Hayath,\\xc2\\xa0 Abhishek Jain",Seed Funding,1700000.0,2016.0,7.0
2016-07-06,HappilyUnmarried,eCommerce,Delhi,Info Edge (India) Ltd,Private Equity,740000.0,2016.0,7.0
2016-07-06,Don\\xe2\\x80\\x99t Scratch Your Head,Technology,Ahmedabad,"Gaurav Singhvi, Zaffiro Ventures",Seed Funding,250000.0,2016.0,7.0
2016-07-06,Wedding Wishlist,Consumer Internet,Chennai,"Kirthiga Reddy, Renuka Ramanath,Cherry Tin",Seed Funding,297000.0,2016.0,7.0
2016-07-07,AppDaily,Technology,Mumbai,"Kalaari Capital, Qualcomm Ventures, ru-Net, Zodius Technology Opportunities Fund,",Private Equity,2000000.0,2016.0,7.0
2016-07-07,Adytude,Consumer Internet,Delhi,Indian Angel Network,Private Equity,1000000.0,2016.0,7.0
2016-07-08,HolaChef,Consumer Internet,Mumbai,"Kalaari Capital, India Quotient",Private Equity,1950000.0,2016.0,7.0
2016-07-11,Purplle,eCommerce,Mumbai,"JSW Ventures, Blume Ventures & IvyCap Ventures",Private Equity,6000000.0,2016.0,7.0
2016-07-11,Trak N Tell,Technology,Gurgaon,Brian Acton,Private Equity,3500000.0,2016.0,7.0
2016-07-11,Overcart.com,eCommerce,Gurgaon,"JSW Ventures, Omidyar Network, Sattva Capital, Venture Works",Private Equity,3000000.0,2016.0,7.0
2016-07-12,SirionLabs,Technology,Gurgaon,Sequoia Capital,Private Equity,12250000.0,2016.0,7.0
2016-07-13,YAAP,Consumer Internet,Delhi,Rainmaker Ventures,Private Equity,5000000.0,2016.0,7.0
2016-07-13,Twigly,Consumer Internet,Gurgaon,"Tracxn Labs, Hyderabad Angels, Kunal Shah, Gaurav Bhalotia",Seed Funding,600000.0,2016.0,7.0
2016-07-13,ShareChat,Consumer Internet,Bengaluru,"SAIF Partners, India Quotient",Private Equity,1350000.0,2016.0,7.0
2016-07-13,RentMojo,Consumer Internet,Bengaluru,"Accel Partners, IDG Ventures India",Private Equity,5000000.0,2016.0,7.0
2016-07-14,Augrav,eCommerce,Coimbatore,Keiretsu Forum,Seed Funding,450000.0,2016.0,7.0
2016-07-14,ShoppinPal,Technology,Pune,"Plug and Play Tech Center, Steelhead Ventures & Others",Private Equity,1070000.0,2016.0,7.0
2016-07-15,WorkApps,Technology,Pune,SRI Capital,Seed Funding,1000000.0,2016.0,7.0
2016-07-15,BankerBay,Consumer Internet,Bengaluru,undisclosed investors,Private Equity,2000000.0,2016.0,7.0
2016-07-15,TripShelf,eCommerce,Delhi,GEMS group,Seed Funding,250000.0,2016.0,7.0
2016-07-15,Ridlr,Consumer Internet,Mumbai,"Times Internet, Innoven Capital, Matrix Partners India, Qualcomm Ventures",Private Equity,6000000.0,2016.0,7.0
2016-07-18,Yellowdig,Consumer Internet,Pune,SRI Capital,Seed Funding,650000.0,2016.0,7.0
2016-07-18,Zuppler,Consumer Internet,Delhi,SRI Capital,Seed Funding,650000.0,2016.0,7.0
2016-07-18,BlueStone,eCommerce,Mumbai,"IIFL and Accel Partners, Kalaari Capital, IvyCap Ventures, RB Investments",Private Equity,30000000.0,2016.0,7.0
2016-07-19,Sagacito,Technology,Delhi,Star India Pvt. Ltd,Private Equity,10000000.0,2016.0,7.0
2016-07-19,Deal4Loans / Wishfin,Consumer Internet,Noida,Franklin Templeton International Services Pvt. Ltd,Private Equity,15000000.0,2016.0,7.0
2016-07-19,NiYO Solutions,Technology,Bengaluru,Prime Venture Partners,Private Equity,1000000.0,2016.0,7.0
2016-07-19,AppLop,Consumer Internet,Gurgaon,Green House Ventures Accelerator,Seed Funding,250000.0,2016.0,7.0
2016-07-20,Tax2Win,Consumer Internet,Jaipur,Undisclosed Investors,Private Equity,1000000.0,2016.0,7.0
2016-07-20,Truckola,Logistics,Mumbai,"Abhishek Agarwal, Krishnakumar Nataraj, Sarath Sura, Shanti Mohan, Sarthak and Nihit Agarwal, Suramya Gupta",Seed Funding,595000.0,2016.0,7.0
2016-07-21,MyTaxiIndia,Consumer Internet,Delhi,Nihon Kotsu Co,Private Equity,1000000.0,2016.0,7.0
2016-07-21,Wiwigo,Consumer Internet,Bengaluru,Indian Angel Network,Seed Funding,595000.0,2016.0,7.0
2016-06-02,Atomberg,Technology,Mumbai,Parampara Capital,Private Equity,1000000.0,2016.0,6.0
2016-06-02,Limo,Consumer Internet,Mumbai,Rainmaker Ventures,Private Equity,1000000.0,2016.0,6.0
2016-06-03,GoGo Truck,Consumer Internet,Chennai,Undisclosed Investor,Seed Funding,75000.0,2016.0,6.0
2016-06-03,Vyome Biosciences,Healthcare,Delhi,Romulus Capital,Private Equity,2000000.0,2016.0,6.0
2016-06-06,SillyMonks,Consumer Internet,Hyderabad,Sreenivasa Reddy Musani,Seed Funding,448000.0,2016.0,6.0
2016-06-07,CueMath,Education,Bengaluru,"Sequoia Capital, Unitus Seed Fund",Private Equity,4000000.0,2016.0,6.0
2016-06-07,KrazyBee,Consumer Internet,Bengaluru,"Yeahmobi, Fenqile",Private Equity,2000000.0,2016.0,6.0
2016-06-07,Intgrea,Technology,Bengaluru,Undisclosed Investor,Seed Funding,100000.0,2016.0,6.0
2016-06-07,HelpShift,Technology,Pune,"Microsoft Ventures, Salesforce Ventures",Private Equity,23000000.0,2016.0,6.0
2016-06-07,CreditVidya,Technology,Mumbai,Kalaari Capital,Private Equity,1000000.0,2016.0,6.0
2016-06-08,Grey Campus,Consumer Internet,Hyderabad,Sarath Sura,Seed Funding,1000000.0,2016.0,6.0
2016-06-08,ListUp,eCommerce,Mumbai,"Kae Capital, Kunal Shah, Sandeep Tandon",Seed Funding,500000.0,2016.0,6.0
2016-06-08,6Degree,Technology,Mumbai,Indian Angel Network,Seed Funding,200000.0,2016.0,6.0
2016-06-08,StoreKing,eCommerce,Bengaluru,Axiata Digital,Private Equity,16000000.0,2016.0,6.0
2016-06-08,MySeniorDoctor,Consumer Internet,Gurgaon,BlackJag Partners,Seed Funding,200000.0,2016.0,6.0
2016-06-09,EPayLater,Technology,Mumbai,3 undisclosed HNIs,Seed Funding,2000000.0,2016.0,6.0
2016-06-10,Paytunes,Consumer Internet,Delhi,"CIO Angel Network, Indian Angel Network",Private Equity,500000.0,2016.0,6.0
2016-06-13,Bombay Shirt Company,eCommerce,Mumbai,undisclosed investor,Private Equity,1000000.0,2016.0,6.0
2016-06-13,Matrubharti,Consumer Internet,,Viridian Capital,Seed Funding,30000.0,2016.0,6.0
2016-06-14,Jivox,Technology,Bengaluru,"You & Mr Jones, Fortisure Ventures, Diaz Nesamoney",Private Equity,6000000.0,2016.0,6.0
2016-06-14,Sminq,Consumer Internet,Pune,"Saama Capital, Blume Ventures & Vaibhav Domkundwar",Seed Funding,1000000.0,2016.0,6.0
2016-06-14,CureJoy,Consumer Internet,Bengaluru,Accel Partners India,Private Equity,4400000.0,2016.0,6.0
2016-06-15,Oneway.cab,Consumer Internet,Vadodara,Indian Angel Network,Seed Funding,450000.0,2016.0,6.0
2016-06-16,Diro Labs,Consumer Internet,Delhi,Info Edge (India) Ltd,Private Equity,450000.0,2016.0,6.0
2016-06-16,Unnati Helpers,Consumer Internet,Gurgaon,Info Edge (India) Ltd,Private Equity,600000.0,2016.0,6.0
2016-06-16,Voonik,eCommerce,Bengaluru,Sequoia Capital,Private Equity,20000000.0,2016.0,6.0
2016-06-17,Cleartax,Consumer Internet,Delhi,"Ravi Adusumalli, SAIF Partners",Private Equity,12000000.0,2016.0,6.0
2016-06-17,Silvan Innovation Labs,Technology,Bengaluru,Infuse Ventures,Private Equity,900000.0,2016.0,6.0
2016-06-17,GreytHR,Technology,Bengaluru,"New Enterprise Associates (NEA), Blume Ventures",Private Equity,5200000.0,2016.0,6.0
2016-06-21,Onspoon,Consumer Internet,Mumbai,Swan Angel Network,Seed Funding,150000.0,2016.0,6.0
2016-06-21,Celerix,Technology,Bengaluru,Bitkemy Ventures,Seed Funding,400000.0,2016.0,6.0
2016-06-21,NatureNama,Consumer Internet,Mumbai,Unicorn Venture,Seed Funding,225000.0,2016.0,6.0
2016-06-21,Syona Cosmetics,FMCG,Chennai,The Chennai Angels,Seed Funding,150000.0,2016.0,6.0
2016-06-21,PrettySecrets,eCommerce,Mumbai,"RB Investments PTE Ltd, Orios Venture Partners",Private Equity,6000000.0,2016.0,6.0
2016-06-22,SpiderG,Consumer Internet,Pune,"Rahul Kirloskar, Fusion Tech Ventures, Adi Saravanan, Pravin Dongre, Mahendra Doshi",Seed Funding,150000.0,2016.0,6.0
2016-06-23,FarEye,Technology,Delhi,Saif Partners,Private Equity,3500000.0,2016.0,6.0
2016-06-23,The Uolo,Consumer Internet,Bengaluru,"Purvi Ventures, Rajul Garg, Vipin Arora",Seed Funding,210000.0,2016.0,6.0
2016-06-24,Drivify,Consumer Internet,Mumbai,"Jitendra Gupta, Pankaj Tripathi",Seed Funding,50000.0,2016.0,6.0
2016-06-24,ParaBlu,Technology,Bengaluru,Kalaari Capital,Seed Funding,500000.0,2016.0,6.0
2016-06-24,Schedulers Logistics,Logistics,Mumbai,GVFL,Private Equity,6000000.0,2016.0,6.0
2016-06-24,LEAP India,Others,Mumbai,Mayfield Ventures,Private Equity,3000000.0,2016.0,6.0
2016-06-24,KabadiExpress,Others,Delhi,Undisclosed investor,Seed Funding,148000.0,2016.0,6.0
2016-06-27,YourDost,Consumer Internet,Bengaluru,"SAIF Partners, Aprameya Radhakrishnan, Phanindra Sama, Subba Rao Telidevara, Vibhu Garg, Paula Ravindra Mariwala, Gaurav Bhalotia",Seed Funding,1200000.0,2016.0,6.0
2016-06-27,Gomalon,Consumer Internet,Bengaluru,Undisclosed investor,Seed Funding,100000.0,2016.0,6.0
2016-06-27,Travelyaari,Consumer Internet,Bengaluru,GVFL Ltd,Private Equity,3000000.0,2016.0,6.0
2016-06-28,FabHotels,Consumer Internet,Gurgaon,"Accel Partners, RB Investments",Private Equity,8000000.0,2016.0,6.0
2016-06-28,Locanix,Technology,Ahmedabad,Undisclosed investors,Seed Funding,300000.0,2016.0,6.0
2016-06-28,LendingKart,Consumer Internet,Ahmedabad,"Bertelsmann India Investments, Mayfield India, Saama Capital, India Quotient",Private Equity,32000000.0,2016.0,6.0
2016-06-28,Hello Tax,Consumer Internet,Delhi,Sanjeev Sinha,Seed Funding,295000.0,2016.0,6.0
2016-06-29,LetReach,eCommerce,Delhi,vCommission,Private Equity,100000.0,2016.0,6.0
2016-06-29,TrendieApp,Technology,Kolkata,Harsh Vardhan Hada,Seed Funding,50000.0,2016.0,6.0
2016-06-29,Velvetcase,eCommerce,Mumbai,"Uniqorn Ventures Fund, TV Mohandas Pai, S Somasegar",Private Equity,1500000.0,2016.0,6.0
2016-06-30,Meru Cabs,Consumer Internet,Mumbai,Brand Capital,Private Equity,25000000.0,2016.0,6.0
2016-06-30,Campus Diaries,Consumer Internet,Bengaluru,Aarin Capital,Seed Funding,220000.0,2016.0,6.0
2016-06-30,Biryani Blues,Food & Beverage,Gurgaon,Carpediem Capital & Others,Private Equity,368000.0,2016.0,6.0
2016-05-01,Get My Parking,Technology,Delhi,The Chennai Angels,Seed Funding,376000.0,2016.0,5.0
2016-05-01,Prescribez,Consumer Internet,Pune,Ankush Mehta,Seed Funding,145000.0,2016.0,5.0
2016-05-03,Mobikwik,Consumer Internet,Gurgaon,"GMO Payment Gateway, MediaTek",Private Equity,50000000.0,2016.0,5.0
2016-05-03,Zwayam,Consumer Internet,Bengaluru,Undisclosed investors,Seed Funding,250000.0,2016.0,5.0
2016-05-03,Zuver,Consumer Internet,Mumbai,"Shruth & Smith Group, Hermes Group",Seed Funding,180000.0,2016.0,5.0
2016-05-04,EasyRoads,Consumer Internet,Mumbai,"Rohan Angrish, Hrishi Oberoi, Rahul Mehta, Kapil Hetamsaria, Pranav Dedhia",Seed Funding,200000.0,2016.0,5.0
2016-05-04,Lenskart,eCommerce,Delhi,"International Finance Corp, TPG Growth, Adveq Management, IDG Ventures, Ratan Tata, Kris Gopalakrishnan",Private Equity,60000000.0,2016.0,5.0
2016-05-04,Seclore,Technology,Mumbai,"Sistema Asia Fund, Helion Venture, VentureEast, India Alternatives",Private Equity,12000000.0,2016.0,5.0
2016-05-04,SolarTown,Technology,Chennai,Grex.in,Seed Funding,200000.0,2016.0,5.0
2016-05-04,Comarete,Technology,Pune,Grex.in,Seed Funding,200000.0,2016.0,5.0
2016-05-04,MyDentistChoice,eCommerce,Hyderabad,Undisclosed investors,Seed Funding,150000.0,2016.0,5.0
2016-05-04,Active.ai,Technology,Singapore,Kalaari Capital Accelerator Program,Seed Funding,500000.0,2016.0,5.0
2016-05-04,Affordplan,Technology,Delhi,Kalaari Capital Accelerator Program,Seed Funding,500000.0,2016.0,5.0
2016-05-04,Indee,Consumer Internet,Bengaluru,Kalaari Capital Accelerator Program,Seed Funding,500000.0,2016.0,5.0
2016-05-05,WebAlligator,Consumer Internet,Bengaluru,Group of undisclosed Angel Investors & HNIs,Seed Funding,375000.0,2016.0,5.0
2016-05-06,EduAce Services,Education,Lucknow,MoMagic Technologies,Private Equity,1000000.0,2016.0,5.0
2016-05-07,Zebroads,Logistics,Hyderabad,Undisclosed investors,Seed Funding,75000.0,2016.0,5.0
2016-05-09,Locus,Technology,Bengaluru,"Exfinity Venture Partners, Blume Ventures, BeeNext, Rajesh Ranavat",Private Equity,2750000.0,2016.0,5.0
2016-05-09,Toko Innovations,Consumer Internet,Bengaluru,"Roopak Saluja, Vishal Khare",Seed Funding,450000.0,2016.0,5.0
2016-05-09,Rentickle,eCommerce,Delhi,"Manish Kheterpal, Vinay Mittal, Dinesh Mittal, Sandeep Gupta",Seed Funding,250000.0,2016.0,5.0
2016-05-10,HealthifyMe,Consumer Internet,Bengaluru,"IDG Ventures India, Inventus Capital, Blume Ventures",Private Equity,6000000.0,2016.0,5.0
2016-05-10,Zarget,Consumer Internet,Chennai,"Accel Partners, Matrix Partners, Girish Mathrubootham",Private Equity,1500000.0,2016.0,5.0
2016-05-10,InnoNano Research,Technology,Chennai,NanoHoldings,Private Equity,18000000.0,2016.0,5.0
2016-05-10,SchoolWear,eCommerce,Mumbai,Undisclosed investors,Seed Funding,1500000.0,2016.0,5.0
2016-05-10,Swiggy,Consumer Internet,Bengaluru,"Norwest Venture Partners, DST Global, Accel Partners",Private Equity,7000000.0,2016.0,5.0
2016-05-11,Zenify,Consumer Internet,Bengaluru,Undisclosed Investors,Private Equity,900000.0,2016.0,5.0
2016-05-11,Fractal Analytics,Technology,Mumbai,Khazanah Nasional Berhad,Private Equity,100000000.0,2016.0,5.0
2016-05-12,Unacademy,Consumer Internet,Bengaluru,"Blume Ventures, Rajan Anandan, Sumit Jain, Aprameya Radhakrishna, Sujeet Kumar, Phanindra Sama",Seed Funding,500000.0,2016.0,5.0
2016-05-12,Capital Float,Consumer Internet,Bengaluru,"Creation Investments Capital Management, SAIF Partners, Sequoia Capital, Aspada Ventures",Private Equity,25000000.0,2016.0,5.0
2016-05-12,Life Circle,Healthcare,Hyderabad,GROUPE SOS,Private Equity,150000.0,2016.0,5.0
2016-05-13,StayZilla,Consumer Internet,Chennai,"Matrix Partners, Nexus Ventures",Private Equity,13500000.0,2016.0,5.0
2016-05-13,WoW Express,Logistics,Mumbai,Undisclosed Investors & Tamarind Family Private Trust,Private Equity,2200000.0,2016.0,5.0
2016-05-16,Smartivity,eCommerce,Delhi,"S Chand, AdvantEdge Partners",Private Equity,1000000.0,2016.0,5.0
2016-05-18,TheSmartQ,Consumer Internet,Bengaluru,YourNest Angel Fund,Seed Funding,250000.0,2016.0,5.0
2016-05-18,PurpleHealth,Consumer Internet,Trivandrum,Katabole Technology Venture,Seed Funding,100000.0,2016.0,5.0
2016-05-18,EduPristine,Education,Mumbai,"Kaizen Management Advisors, DeVry Inc",Private Equity,10000000.0,2016.0,5.0
2016-05-18,BhiveWorkspace,Reality,Bengaluru,Blume Ventures,Private Equity,1000000.0,2016.0,5.0
2016-05-19,Appie,Consumer Internet,Mumbai,Undisclosed investors,Seed Funding,1000000.0,2016.0,5.0
2016-05-19,TaxiVaxi,Consumer Internet,Delhi,Undisclosed HNIs,Seed Funding,500000.0,2016.0,5.0
2016-05-19,Veqta,Consumer Internet,Delhi,"Chatsworth Management, ITW Digital",Seed Funding,500000.0,2016.0,5.0
2016-05-20,i2ifunding,Consumer Internet,Noida,Undisclosed Investors,Seed Funding,300000.0,2016.0,5.0
2016-05-23,Hoppingo,Consumer Internet,Delhi,vCommission,Seed Funding,89000.0,2016.0,5.0
2016-05-24,Goalwise,Consumer Internet,Bengaluru,Undisclosed HNIs,Seed Funding,1000000.0,2016.0,5.0
2016-05-25,Address Health,Healthcare,Bengaluru,Gray Matters Capital,Private Equity,1500000.0,2016.0,5.0
2016-05-25,Arcatron Mobility,Technology,Pune,Sudhir Mehta,Seed Funding,100000.0,2016.0,5.0
2016-05-26,Cleartax,Consumer Internet,Bengaluru,"FF Angel, Sequoia Capital",Private Equity,2000000.0,2016.0,5.0
2016-05-26,mChamp,Consumer Internet,Delhi,MoMagic Technologies,Seed Funding,475000.0,2016.0,5.0
2016-05-30,Vahanalytics,Technology,Mumbai,"Anirudh Damani, Vikram Lakhotia",Seed Funding,200000.0,2016.0,5.0
2016-05-31,Koovs,eCommerce,Delhi,HT Media Ltd,Private Equity,4400000.0,2016.0,5.0
2016-05-31,CCavenue,Consumer Internet,Mumbai,NSI Infinium Global Pvt. Ltd,Private Equity,8900000.0,2016.0,5.0
2016-05-31,MachaDalo,Consumer Internet,Mumbai,Undisclosed Investors,Seed Funding,175000.0,2016.0,5.0
2016-04-01,Dil Mil,Consumer Internet,SFO / Bangalore,"Nelstone Ventures, Transmedia Capital, Maiden Lane Ventures, CSC Upshot & Angel investors",Private Equity,2700000.0,2016.0,4.0
2016-04-04,Hungama,Consumer Internet,Mumbai,Xiaomi Inc,Private Equity,25000000.0,2016.0,4.0
2016-04-06,Shipsy,Logistics,Gurgaon,DTDC Express Ltd,Private Equity,1000000.0,2016.0,4.0
2016-04-06,gear6,Consumer Internet,Bengaluru,Ninestarter,Seed Funding,500000.0,2016.0,4.0
2016-04-06,MyGlamm,Consumer Internet,Mumbai,L\\xe2\\x80\\x99Occitane,Private Equity,6000000.0,2016.0,4.0
2016-04-06,Petoo,Consumer Internet,Bengaluru,Axilor Ventures,Private Equity,1000000.0,2016.0,4.0
2016-04-08,imedilane,Consumer Internet,Delhi,"Mahendra Patel, Nilender Chauhan",Seed Funding,40000.0,2016.0,4.0
2016-04-11,Living Local,Consumer Internet,Mumbai,Rattan Chadha,Seed Funding,200000.0,2016.0,4.0
2016-04-11,Oyo,Consumer Internet,Delhi,SoftBank,Private Equity,100000000.0,2016.0,4.0
2016-04-11,PriceRaja,Consumer Internet,Gurgaon,Prashant Puri,Seed Funding,300000.0,2016.0,4.0
2016-04-12,MagicX,Consumer Internet,Bengaluru,"Kris Gopalakrishnan, Dr. Ranjan Pai",Seed Funding,1000000.0,2016.0,4.0
2016-04-13,Legalraasta,Consumer Internet,Delhi,"Pravin Khandelwal, Yatin Kumar Jain",Seed Funding,1000000.0,2016.0,4.0
2016-04-13,RainCan,Consumer Internet,Pune,Dr. Aniruddha Malpani,Seed Funding,150000.0,2016.0,4.0
2016-04-13,Hippily,eCommerce,Mumbai,"Dr. Sridhar Ramaswamy, Rakesh Mathur",Seed Funding,250000.0,2016.0,4.0
2016-04-13,kredX,eCommerce,Bengaluru,"Prime Venture Partners,",Seed Funding,750000.0,2016.0,4.0
2016-04-14,BeaconsTalk,Technology,Mumbai,"Rajeev Agrawal, Prashant Gooty",Seed Funding,100000.0,2016.0,4.0
2016-04-15,RenewBuy,Consumer Internet,Delhi,Mount Nathan Advisors,Seed Funding,1000000.0,2016.0,4.0
2016-04-15,Vyomo,Consumer Internet,Delhi,Naturals Salon Chain,Private Equity,15000000.0,2016.0,4.0
2016-04-15,NestAway,Consumer Internet,Bengaluru,Tiger Global,Private Equity,30000000.0,2016.0,4.0
2016-04-15,Tapchief,Consumer Internet,Bengaluru,Vijay Shekhar Sharma,Seed Funding,150000.0,2016.0,4.0
2016-04-18,Jugnoo,Consumer Internet,Chandigarh,Paytm & existing investors,Private Equity,10000000.0,2016.0,4.0
2016-04-19,Betaout,eCommerce,Noida,"Stanford Angels, LetsVenture, Chennai Angels, Hyderabad Angels, Mumbai Angels",Private Equity,1500000.0,2016.0,4.0
2016-04-19,DriversCart,Consumer Internet,Chennai,ah! Ventures,Seed Funding,450000.0,2016.0,4.0
2016-04-19,CollegeDekho,Consumer Internet,Delhi,Man Capital,Private Equity,2000000.0,2016.0,4.0
2016-04-20,1mg,eCommerce,Gurgaon,"Maverick Capital Ventures, Sequoia Capital, Omidyar Network",Private Equity,15000000.0,2016.0,4.0
2016-04-22,Licious,eCommerce,Bengaluru,Mayfield India II Management Ltd,Private Equity,3000000.0,2016.0,4.0
2016-04-22,TOKO Innovation Studios,Consumer Internet,Delhi,Indian Angel network,Seed Funding,450000.0,2016.0,4.0
2016-04-25,Commut,Consumer Internet,Hyderabad,50K Ventures,Seed Funding,200000.0,2016.0,4.0
2016-04-25,Dropkaffe,Food & Beverage,Bengaluru,"GrowthStory, Apurva Salapuria, Hitesh Oberoi, Sidharth Pansari, Nirupa Shankar",Seed Funding,550000.0,2016.0,4.0
2016-04-26,Transerv,Consumer Internet,Mumbai,"IDFC SPICE Fund, Micromax Informatics",Private Equity,15000000.0,2016.0,4.0
2016-04-26,ClearTax,Consumer Internet,Bengaluru,"Max Levchin, Scott Banister",Private Equity,1300000.0,2016.0,4.0
2016-04-26,Roposo,eCommerce,Gurgaon,Bertelsmann India Investments,Private Equity,15000000.0,2016.0,4.0
2016-04-27,MilkBasket,Consumer Internet,Gurgaon,EVC Ventures,Seed Funding,500000.0,2016.0,4.0
2016-04-27,ICHR,Consumer Internet,Delhi,Undisclosed,Seed Funding,450000.0,2016.0,4.0
2016-04-28,The Wedding Brigade,Consumer Internet,Mumbai,Blume Ventures & Other unnamed Investors,Seed Funding,600000.0,2016.0,4.0
2016-04-28,DocsApp,Consumer Internet,Bengaluru,"Rebright Partners, Anand Rajaraman, Venky Harinarayan",Private Equity,1200000.0,2016.0,4.0
2016-04-29,Impact Guru,Consumer Internet,Mumbai,"RB Investments, Fundnel",Seed Funding,500000.0,2016.0,4.0
2016-04-29,LetReach,eCommerce,Delhi,vCommission,Private Equity,100000.0,2016.0,4.0
2016-03-02,MoMark,Consumer Internet,Noida,YourNest Angel Fund,Private Equity,600000.0,2016.0,3.0
2016-03-02,Systemantics,Technology,Bengaluru,"Nandan Nilekani, Accel Partners",Private Equity,1400000.0,2016.0,3.0
2016-03-03,Imarticus Learning,Education,Mumbai,"Blinc Advisors, Amit Nanavati, Tashwinder Singh, Taranjit Jaswal, Amit Khanna",Private Equity,1000000.0,2016.0,3.0
2016-03-03,Shouut,Consumer Internet,Delhi,Undisclosed investor,Seed Funding,500000.0,2016.0,3.0
2016-03-04,Aahaa,eCommerce,Chennai,"YourNest Angel Fund,",Private Equity,1000000.0,2016.0,3.0
2016-03-04,FTCash,Consumer Internet,Kolkata,IvyCap Ventures,Seed Funding,150000.0,2016.0,3.0
2016-03-04,Zappka,Consumer Internet,Gurgaon,"Daman Soni, Rajat Gupta & Others",Seed Funding,100000.0,2016.0,3.0
2016-03-04,medECUBE,Healthcare,Gurgaon,Artiman Ventures,Private Equity,4000000.0,2016.0,3.0
2016-03-07,N.O.W,Consumer Internet,Noida,"Ruchirans Jaipuria, Anuj Sanghi",Seed Funding,500000.0,2016.0,3.0
2016-03-07,Ninjacart,eCommerce,Bengaluru,"Accel Partners, Qualcomm Ventures, M&S Partners, Zop Smart",Private Equity,3000000.0,2016.0,3.0
2016-03-07,Reach,Consumer Internet,Bengaluru,"Rebright Partners, Sol Primero, Sudhir Anandarao, Ankur Warikoo, Ankur Singla",Seed Funding,500000.0,2016.0,3.0
2016-03-07,Vanity Cube,Consumer Internet,Delhi,Unicorn Ventures,Seed Funding,250000.0,2016.0,3.0
2016-03-07,Medidaili,Consumer Internet,Bengaluru,Undisclosed private investors,Seed Funding,100000.0,2016.0,3.0
2016-03-08,LoveCycles,Consumer Internet,Bengaluru,Prime Venture Partners,Seed Funding,750000.0,2016.0,3.0
2016-03-08,Kartrocket,eCommerce,Delhi,"Undisclosed Japanese investor, Bertelsmann India Investments, Nirvana Digital India Fund, Nirvana Digital Investment Holding Co Ltd, 500 Start-Ups",Private Equity,8000000.0,2016.0,3.0
2016-03-08,dunzo,Consumer Internet,Bengaluru,"Aspada Investment Advisors, Blume Ventures.",Seed Funding,650000.0,2016.0,3.0
2016-03-09,SmartVizX,Technology,Noida,"Indian Angel Network, Stanford Angels, Entrepreneurs India",Seed Funding,500000.0,2016.0,3.0
2016-03-09,MyGubbi,Real Estate,Bengaluru,"Vipul Parekh, ajesh K Murthy,",Seed Funding,2500000.0,2016.0,3.0
2016-03-09,Nukkad Shops,Consumer Internet,Hyderabad,PurpleTalk Inc,Seed Funding,1000000.0,2016.0,3.0
2016-03-09,Justride,Consumer Internet,Mumbai,Dheeraj Jain & Other angel investors,Seed Funding,400000.0,2016.0,3.0
2016-03-10,Big Fish Ventures,Food & Beverage,Delhi,Undisclosed investors,Private Equity,11100000.0,2016.0,3.0
2016-03-10,Icertis,Technology,Pune/Seattle,"Ignition Partners, Greycroft Partners, Fidelity Growth Partners India",Private Equity,15000000.0,2016.0,3.0
2016-03-10,Supplified,eCommerce,Delhi,Mohit Goel,Seed Funding,1000000.0,2016.0,3.0
2016-03-14,PinkBlue,eCommerce,Bengaluru,"Hari Krishna, Ajay Modani, Dr V Ravinder, Anirudh Rastogi, Abhishek Jain, Rakesh Gakhar, Rajeev Mudumba, Nagendra Prasad Bhanuprakash",Seed Funding,223608.0,2016.0,3.0
2016-03-14,TruckingCube,Logistics,Delhi,Agarwal Movers Group,Private Equity,14900000.0,2016.0,3.0
2016-03-15,FlipClass,Consumer Internet,Bengaluru,"S Chand and Co Pvt Ltd, Blume Ventures",Private Equity,1000000.0,2016.0,3.0
2016-03-15,Proximit,Technology,Pune,Funding through 1Crowd platform,Seed Funding,150000.0,2016.0,3.0
2016-03-15,WithMe,Consumer Internet,Gurgaon,"Alex Kuruvilla, Pradeep Guha, Saket Dhankar, Rajan Pandhare",Seed Funding,250000.0,2016.0,3.0
2016-03-16,Gapoon,Consumer Internet,Bengaluru,"Chandrashekar Tallapragada, Pankaj Kapoor",Seed Funding,180000.0,2016.0,3.0
2016-03-16,Wealthy,Consumer Internet,Bengaluru,"Zishaan Hayath, Abhishek Goyal, Arjun and Rohan Malhotra, Harpreet Singh Grover, Gagan Dugal",Seed Funding,250000.0,2016.0,3.0
2016-03-17,Pramati,Healthcare,Noida,Undisclosed investors,Seed Funding,200000.0,2016.0,3.0
2016-03-17,Qlivery,Consumer Internet,Gurgaon,Swastika Company Ltd,Seed Funding,230000.0,2016.0,3.0
2016-03-17,HealthEnablr,Consumer Internet,Mumbai,Undisclosed investors,Seed Funding,800000.0,2016.0,3.0
2016-03-17,Liftiee,Consumer Internet,Mumbai,"Rannvijay Singh, Anita Hassanandani",Seed Funding,108000.0,2016.0,3.0
2016-03-18,Hello Curry,Food & Beverage,Hyderabad,Sashi Reddi & Other unnamed investors,Private Equity,1500000.0,2016.0,3.0
2016-03-19,goSporto,Consumer Internet,Delhi,Naveen Gupta,Seed Funding,30000.0,2016.0,3.0
2016-03-21,Room On Call,Consumer Internet,Gurgaon,CASHurDRIVE Marketing Pvt Ltd,Private Equity,2000000.0,2016.0,3.0
2016-03-22,Byju\\xe2\\x80\\x99s,Consumer Internet,Bengaluru,"Sequoia India, Sofina",Private Equity,75000000.0,2016.0,3.0
2016-03-22,BigBasket,eCommerce,Bengaluru,Abraaj Group,Private Equity,150000000.0,2016.0,3.0
2016-03-22,DrivoJoy,Consumer Internet,Bengaluru,"Indian Angel Network, Tracxn Labs & Others",Seed Funding,600000.0,2016.0,3.0
2016-03-22,CreditSeva,Consumer Internet,Hyderabad,"Pix Vine Capital, Infocomm Development Authority of Singapore",Seed Funding,360000.0,2016.0,3.0
2016-03-23,Endless Robotics,Technology,Hyderabad,"Devidas Desai, Vipul Gautam, Singapore Angel Network",Seed Funding,100000.0,2016.0,3.0
2016-03-23,SP Robotics,Technology,Chennai,"Indian Angel Network,",Seed Funding,300000.0,2016.0,3.0
2016-03-23,eKincare,Consumer Internet,Hyderabad,"BitChemy Ventures, Maheshwari Investments Pvt Ltd, Anshoo Gaur, Rama Krishna Reddy, Sandeep Seerapu",Private Equity,330000.0,2016.0,3.0
2016-03-23,Wheelstreet,Consumer Internet,Bengaluru,Broadbean Capital services,Private Equity,500000.0,2016.0,3.0
2016-03-24,Horntell,Consumer Internet,Gurgaon,"Bharanidharan Viswanathan, Sanjiv Mittal, Shobhit Shukla, Rahul Agarwal",Seed Funding,150000.0,2016.0,3.0
2016-03-28,Schoolkart,eCommerce,Noida,Undisclosed investors,Seed Funding,300000.0,2016.0,3.0
2016-03-29,Babygogo,Consumer Internet,Delhi,"Rajul Garg, Daljit Singh, Aditya Vij, Kishore Kumar, Shuchin Bajaj",Seed Funding,300000.0,2016.0,3.0
2016-03-29,Veritas Finance,Finance,Chennai,Sarva Capital,Private Equity,4700000.0,2016.0,3.0
2016-03-29,QikShip,Consumer Internet,Delhi,undisclosed investors,Seed Funding,200000.0,2016.0,3.0
2016-03-29,FixNix,Consumer Internet,Chennai,Jay Vijayan,Seed Funding,500000.0,2016.0,3.0
2016-03-30,Touchkin,Healthcare,Bengaluru,"Alok Mittal, Amit Gupta, Anuj Srivastava, Himanshu Aggarwal, Raghunandan G, Puneet Agarwal",Seed Funding,400000.0,2016.0,3.0
2016-02-02,Altizone,Technology,Pune,"Wipro Ventures,\\xc2\\xa0 Lumis Partners",Private Equity,4000000.0,2016.0,2.0
2016-02-02,Strike,Consumer Internet,Bengaluru,Multiple investors through Ten Minute Million competition,Seed Funding,22500.0,2016.0,2.0
2016-02-02,MaaxMarket,Consumer Internet,,Multiple investors through Ten Minute Million competition,Seed Funding,22500.0,2016.0,2.0
2016-02-02,Gamooz,Technology,Gurgaon,Multiple investors through Ten Minute Million competition,Seed Funding,22500.0,2016.0,2.0
2016-02-02,SoundSurround,Technology,Mumbai,Multiple investors through Ten Minute Million competition,Seed Funding,22500.0,2016.0,2.0
2016-02-03,Mazkara,Consumer Internet,Pune / Dubai,Dunamis Ventures Pte Ltd.,Seed Funding,1000000.0,2016.0,2.0
2016-02-03,RoadGods,eCommerce,Delhi,Green House Ventures (GHV),Seed Funding,100000.0,2016.0,2.0
2016-02-03,Pindropmusic,Consumer Internet,Noida,Green House Ventures (GHV),Seed Funding,100000.0,2016.0,2.0
2016-02-03,Woodpie,Consumer Internet,Bengaluru,Ingram Content Group,Seed Funding,30000.0,2016.0,2.0
2016-02-04,Perfumery,eCommerce,Delhi,Oranda Global & Others,Seed Funding,30000.0,2016.0,2.0
2016-02-05,ZenDrive,Technology,Bangalore / SFO,"Sherpa Capital, Nyca Partners and Thomvest Ventures",Private Equity,13500000.0,2016.0,2.0
2016-02-05,Gingercrush,eCommerce,Vadodara,"Saha Fund, TV Mohandas Pai, Zia Mody, Mumbai Angels, Ananda Kallugadde, Rakesh Desai, Rakesh Malhotra",Private Equity,1000000.0,2016.0,2.0
2016-02-05,American Vision,Consumer Internet,Pune,Undisclosed investors,Seed Funding,81000.0,2016.0,2.0
2016-02-05,DawaiLelo,Consumer Internet,Varanasi,Undisclosed investors,Seed Funding,52000.0,2016.0,2.0
2016-02-06,Heads Up For Tails,eCommerce,Delhi,Undisclosed investors,Seed Funding,1000000.0,2016.0,2.0
2016-02-08,iStyleYou,Consumer Internet,Gurgaon,Green House Ventures (GHV),Seed Funding,100000.0,2016.0,2.0
2016-02-08,AdUrCup,Consumer Internet,Delhi,Green House Ventures (GHV),Seed Funding,100000.0,2016.0,2.0
2016-02-08,Xpressbees,eCommerce,Pune,"SAIF Partners, IDG Ventures India, Vertex Ventures, Valiant Capital",Private Equity,12500000.0,2016.0,2.0
2016-02-10,Capzest,Consumer Internet,Mumbai,Lion Ventures,Seed Funding,200000.0,2016.0,2.0
2016-02-10,Affimity,Consumer Internet,Bengaluru,undisclosed investors,Seed Funding,1200000.0,2016.0,2.0
2016-02-10,Anandakanda,Technology,Pune,undisclosed investors,Seed Funding,150000.0,2016.0,2.0
2016-02-12,ActOnMagic,Technology,Bengaluru,Jayabalan Subramanian,Seed Funding,125000.0,2016.0,2.0
2016-02-12,Bonhomia,Food & Beverage,Delhi,"Alok Rawat, Grey Orange Robotics",Seed Funding,1000000.0,2016.0,2.0
2016-02-12,iGrenEnergi,Technology,Mumbai,Sunil Mehta,Seed Funding,1000000.0,2016.0,2.0
2016-02-12,RKSV,Consumer Internet,Mumbai,Kalaari Capital,Private Equity,4000000.0,2016.0,2.0
2016-02-15,Aasaanjobs,Consumer Internet,Mumbai,"Aspada Advisors, IDG Ventures,\\xc2\\xa0 Inventus Capital",Private Equity,5000000.0,2016.0,2.0
2016-02-15,Snapdeal,eCommerce,Delhi,Ontario Teachers\\xe2\\x80\\x99 Pension Plan & Others,Private Equity,200000000.0,2016.0,2.0
2016-02-15,GoYaNo,Consumer Internet,Gurgaon,Mukesh Kumar Gupta,Seed Funding,50000.0,2016.0,2.0
2016-02-15,RentSher,Consumer Internet,Bengaluru,"Vaibhav Doshi, Abhay Singhal, Vibhu Garg, Joby Babu, Abhishek Acharya, Manish Shah",Seed Funding,300000.0,2016.0,2.0
2016-02-15,Buddy,Finance,Bengaluru,"Blume Ventures,\\xc2\\xa0 Tracxn Labs",Seed Funding,500000.0,2016.0,2.0
2016-02-16,TableHero,Consumer Internet,Bengaluru,"GrowX Ventures, Kunal Shah, Sandeep Tandon, Haresh Chawla, Powai Lake Ventures, Globevestor",Seed Funding,1000000.0,2016.0,2.0
2016-02-16,BetterPlace,Technology,Bengaluru,Unitus Seed Fund,Seed Funding,970000.0,2016.0,2.0
2016-02-16,icustommadeit,eCommerce,Pune,"Brand Capital, Siddhivinayak Skyscrapers, Dinesh R. Challa",Private Equity,4000000.0,2016.0,2.0
2016-02-17,GameZop,Technology,Delhi,"KWAN Entertainment & Marketing Solutions, Powerhouse Ventures & Others",Seed Funding,350000.0,2016.0,2.0
2016-02-17,The Viral Fever,Consumer Internet,Mumbai,Tiger Global,Private Equity,10000000.0,2016.0,2.0
2016-02-17,Avanti Learning,Education,Delhi,Michael & Susan Dell Foundation,Private Equity,5000000.0,2016.0,2.0
2016-02-18,HealthKumbh,Consumer Internet,Ahmedabad,Undisclosed investor,Seed Funding,73000.0,2016.0,2.0
2016-02-18,Careongo,eCommerce,Delhi,Farooq Oomerbhoy & Other angel investors,Seed Funding,300000.0,2016.0,2.0
2016-02-18,Ark Robot,Technology,Bengaluru,Qualcomm (Through QPrize Contest),Seed Funding,350000.0,2016.0,2.0
2016-02-19,Jaypore,eCommerce,Delhi,Aavishkaar,Private Equity,5000000.0,2016.0,2.0
2016-02-19,Advantage Club,Consumer Internet,Gurgaon,Purvi Ventures & Others,Seed Funding,400000.0,2016.0,2.0
2016-02-22,Baby Berry,Consumer Internet,Bengaluru,Nitin Bagmane & Other undisclosed investors,Seed Funding,1000000.0,2016.0,2.0
2016-02-22,Magicpin,Consumer Internet,Delhi,Lightspeed India,Private Equity,3000000.0,2016.0,2.0
2016-02-22,First Eat,Consumer Internet,Delhi,Undisclosed investor,Seed Funding,100000.0,2016.0,2.0
2016-02-22,Taskbob,Consumer Internet,Mumbai,"IvyCap Ventures, Orios Venture Partners, Mayfield India",Private Equity,4500000.0,2016.0,2.0
2016-02-22,Styledotme,Consumer Internet,Delhi,Indian Angel Network,Seed Funding,37000.0,2016.0,2.0
2016-02-23,CupoNation,Consumer Internet,Gurgaon,"Rocket Internet AG, Holtzbrink Ventures, New Enterprise Associates (NEA), e.ventures, ru-Net, Deutsche Telekom Strategic Investments (DTSI), Silicon Valley Bank",Private Equity,11000000.0,2016.0,2.0
2016-02-24,Sayfix,Consumer Internet,Bengaluru,Yajnanarayana Kammaje,Seed Funding,160000.0,2016.0,2.0
2016-02-24,NoBroker,Consumer Internet,Bengaluru,"Beenext, Digital Garage, Beenos, Qualgro, Mamoru Taniya, SAIF Partners",Private Equity,10000000.0,2016.0,2.0
2016-02-24,AppilyEver,Consumer Internet,Hyderabad,"Varun Aggarwal, Suresh Venkat, Raj Y",Seed Funding,400000.0,2016.0,2.0
2016-02-24,Pocketin,Consumer Internet,Noida,Swastika Company Ltd,Seed Funding,150000.0,2016.0,2.0
2016-02-25,OfBusiness,eCommerce,Gurgaon,Matrix Partners India,Private Equity,5000000.0,2016.0,2.0
2016-02-25,Juspay,Consumer Internet,Bengaluru,"Accel Partners, Ashish Hemrajani, Parikshit Dar, Rajesh Balpande",Private Equity,5800000.0,2016.0,2.0
2016-02-25,Funcart,eCommerce,Delhi,Undisclosed HNIs,Seed Funding,70000.0,2016.0,2.0
2016-02-26,Freedom Smart Labs,Technology,Delhi,Kapil Goel,Seed Funding,145000.0,2016.0,2.0
2016-02-26,EduBridge,Consumer Internet,Mumbai,"Insitor Impact Asia Fund, Acumen Fund",Private Equity,2500000.0,2016.0,2.0
2016-02-29,Hopscotch,eCommerce,Mumbai,Eduardo Saverin,Private Equity,13000000.0,2016.0,2.0
2016-01-04,B9 Beverages,Food & Beverage,Delhi,"Sequoia Capital, Kunal Bahl, Rohit Bansal, Deepinder Goyal, Ashish Dhawan, Mayank Singhal",Private Equity,6000000.0,2016.0,1.0
2016-01-05,MyChild App,Education,Bhopal,"Samir Bangara, Anisha Mittal, Amit Gupta, Pallav Nadhani, Lalit Mangal, Arihant Patni, Dr. Ritesh Malik, Deobrat Singh, Saurab Paruthi, Singapore Angel Network.",Seed Funding,100000.0,2016.0,1.0
2016-01-05,360Ride,Consumer Internet,Bengaluru,Undisclosed,Seed Funding,150000.0,2016.0,1.0
2016-01-05,Alef\\nMobitech,Consumer Internet,Mumbai,Tata Capital Innovation Fund,Private Equity,5000000.0,2016.0,1.0
2016-01-06,Sensara,Technology,Bengaluru,"Lalitesh Katragadda,\\xc2\\xa0 Ganayantrika Systems",Seed Funding,750000.0,2016.0,1.0
2016-01-06,Zebpay,Consumer Internet,Ahmedabad,"Arjun Handa, Amit Jindal, Nagendra Chaudhary",Private Equity,1000000.0,2016.0,1.0
2016-01-06,PlanMy\\nMedicalTrip,Healthcare,Pune,"Bhanu Vikram Parsotam, Rohan Desai and Paras Patel",Seed Funding,150000.0,2016.0,1.0
2016-01-06,MyCity4Kids,Education,Gurgaon,"SIDBI Venture Capital Limited, YourNest Angel Fund",Private Equity,3000000.0,2016.0,1.0
2016-01-06,Justdakhila.com,Education,Delhi,Ankur Gupta,Seed Funding,750000.0,2016.0,1.0
2016-01-07,Infurnia,Consumer Internet,Bengaluru,Idein Ventures,Seed Funding,160000.0,2016.0,1.0
2016-01-07,Myly,Education,Jaipur,Newbie Promoter Pvt Ltd,Seed Funding,100000.0,2016.0,1.0
2016-01-07,MakeMyTrip,Consumer Internet,Gurgaon,Ctrip.com International Ltd,Private Equity,180000000.0,2016.0,1.0
2016-01-08,Melorra,eCommerce,Bengaluru,Lightbox Ventures,Private Equity,5000000.0,2016.0,1.0
2016-01-08,ConfirmTKT,Consumer Internet,Bengaluru,"Krishna Jhujhunwala, Dr. Apoorv Ranjan Sharma, Anirudh Damani, Anand Ladsariya, Sanjay Mehta & Others",Seed Funding,250000.0,2016.0,1.0
2016-01-08,Gyaanzone,Education,Mumbai,GBIM Technologies Pvt Ltd,Seed Funding,45000.0,2016.0,1.0
2016-01-11,Koovs,eCommerce,Gurgaon,"Nahata Family, Waheed Alli",Private Equity,5400000.0,2016.0,1.0
2016-01-11,FreshMenu,Consumer Internet,Bengaluru,"Zodius Capital, Lightspeed Venture Partners",Private Equity,16500000.0,2016.0,1.0
2016-01-11,SavvyMob,eCommerce,Bengaluru,"TV Mohandas Pai, LetsVenture",Seed Funding,1000000.0,2016.0,1.0
2016-01-12,Shopclues,eCommerce,Gurgaon,"GIC, Tiger Global Management, Nexus Venture Partners",Private Equity,100000000.0,2016.0,1.0
2016-01-12,iBus Networks,Technology,Bengaluru,"Vallabh Bhanshali, N Squared Management LLC, Jagdish & Sandeep Mehta Family Office",Private Equity,2300000.0,2016.0,1.0
2016-01-12,Happy2Refer,Consumer Internet,Mumbai,"Equity Crest, Vinners, Sparknext",Seed Funding,250000.0,2016.0,1.0
2016-01-13,CarTrade,Consumer Internet,Mumbai,"Temasek Holdings, March Capital, Warburg Pincus",Private Equity,145000000.0,2016.0,1.0
2016-01-13,Rentomo,Consumer Internet,Bengaluru,Shiva Ashok & Other unnamed investors,Seed Funding,100000.0,2016.0,1.0
2016-01-13,Roder,Consumer Internet,Delhi,Unicorn India Ventures,Seed Funding,240000.0,2016.0,1.0
2016-01-13,Care24,Healthcare,Mumbai,"SAIF Partners, India Quotient",Private Equity,4000000.0,2016.0,1.0
2016-01-14,Orahi,Consumer Internet,Gurgaon,Indian Angel Network,Seed Funding,520000.0,2016.0,1.0
2016-01-15,Fitso,Consumer Internet,Gurgaon,"Varun Khurana, Samar Singla, Vinay Bansal,",Seed Funding,200000.0,2016.0,1.0
2016-01-18,Kartrocket,Consumer Internet,Delhi,"Bertelsmann India Investments, Nirvana Digital India Fund, Nirvana Digital Investment Holding, 500 Startups",Private Equity,6000000.0,2016.0,1.0
2016-01-19,Swiggy,Consumer Internet,Bengaluru,"Harmony Partners, RB Investments & existing investors",Private Equity,35000000.0,2016.0,1.0
2016-01-19,DailyObjects,eCommerce,Delhi,"Unilazer Fund,\\xc2\\xa0 Phanindra Sama, Peyush Bansal",Private Equity,1400000.0,2016.0,1.0
2016-01-19,Indus OS,Technology,Mumbai,"Omidyar Network,",Private Equity,5000000.0,2016.0,1.0
2016-01-19,CollegeDunia,Consumer Internet,Delhi,Umang Kumar,Seed Funding,445000.0,2016.0,1.0
2016-01-19,Villgro,Finance,Chennai,"Lemelson Foundation, Michael and Susan Dell Foundation",Private Equity,3500000.0,2016.0,1.0
2016-01-20,IndustryBuying,eCommerce,Delhi,Trifecta Capital,Private Equity,1800000.0,2016.0,1.0
2016-01-20,Just Buy Live,eCommerce,Mumbai,Alpha Capital,Private Equity,20000000.0,2016.0,1.0
2016-01-20,IMbesharam,eCommerce,New Delhi / US,Undisclosed US Based Investors,Private Equity,4000000.0,2016.0,1.0
2016-01-20,Moodoo,Consumer Internet,Mumbai / UK,Sa\\xc3\\xafd Business School Seed Fund.,Seed Funding,40000.0,2016.0,1.0
2016-01-21,Fisdom,Consumer Internet,Bengaluru,Rob Chandra,Seed Funding,500000.0,2016.0,1.0
2016-01-21,Easypolicy,Consumer Internet,Noida,Unilazer Ventures,Private Equity,2200000.0,2016.0,1.0
2016-01-21,Housing.com,Consumer Internet,Mumbai,SoftBank,Private Equity,15000000.0,2016.0,1.0
2016-01-21,CREO,Technology,Bengaluru,"Sequoia Capital, Beenext Ventures, India Quotient, Anand Chandrasekaran",Private Equity,3000000.0,2016.0,1.0
2016-01-22,ShabdaNagari,Consumer Internet,Kanpur,Kanpur Angels & Others,Seed Funding,200000.0,2016.0,1.0
2016-01-22,SnapBizz,eCommerce,Bengaluru,"Jungle Ventures, Taurus Value Creation, Konly Venture, Blume Ventures",Private Equity,7200000.0,2016.0,1.0
2016-01-22,Silvan,Technology,Bengaluru,The Chennai Angels,Seed Funding,515000.0,2016.0,1.0
2016-01-22,EPS,Technology,Mumbai,APIS Partners,Private Equity,35000000.0,2016.0,1.0
2016-01-22,Qubole,Technology,Bengaluru,"Institutional Venture Partners, Norwest Venture Partners, Lightspeed Venture Partners, CRV",Private Equity,30000000.0,2016.0,1.0
2016-01-25,SIFTR Labs,Consumer Internet,Mumbai,Venture Catalysts,Seed Funding,150000.0,2016.0,1.0
2016-01-25,Power2SME,Consumer Internet,Gurgaon,"Nandan Nilekani, Accel Partners, Kalaari Capital and Inventus Capital",Private Equity,21000000.0,2016.0,1.0
2016-01-27,Buildzar,eCommerce,Gurgaon,Puneet Dalmia,Private Equity,4000000.0,2016.0,1.0
2016-01-27,Applicate,Technology,Bengaluru,Undisclosed investors,Seed Funding,1000000.0,2016.0,1.0
2016-01-28,Zebi (yet to launch),Technology,Hyderabad,Un disclosed investors,Seed Funding,1000000.0,2016.0,1.0
2016-01-28,Truce,FMCG,Mumbai,"Anupam Mittal, Amit Gupta, Utsav Somani, Neeraj Goenka, Farooq Adam Mukadam",Seed Funding,370000.0,2016.0,1.0
2016-01-29,Qriyo,Consumer Internet,Jodhpur,Idein Ventures,Seed Funding,160000.0,2016.0,1.0
2016-01-29,Aisle,Consumer Internet,Bengaluru,"TermSheet, ah! Ventures",Seed Funding,185000.0,2016.0,1.0
2016-01-29,FreshMenu,Consumer Internet,Bengaluru,"Zodius Technology Fund, Lightspeed Venture Partners",Private Equity,17000000.0,2016.0,1.0
2016-01-29,Truebil,eCommerce,Mumbai,"Kalaari Capital, Inventus Capital, Tekton Ventures, Kae Capital",Private Equity,5150000.0,2016.0,1.0
2016-01-29,Rare Media,Technology,Delhi,Info Edge (India) Ltd,Private Equity,1100000.0,2016.0,1.0
2015-12-01,CollegeDekho,Online Education Information platform,Jaipur,GirnarSoft,Seed Funding,1000000.0,2015.0,12.0
2015-12-01,Patel Logistics,Transportation & Logistics Platform,Mumbai,Frontline Strategy,Private Equity,5600000.0,2015.0,12.0
2015-12-01,Wigzo,Enterprise Marketing Automation platform,Delhi,"Aarin Capital Partners, TV Mohandas Pai",Seed Funding,500000.0,2015.0,12.0
2015-12-01,Godof Hospitals,Digital Healthcare,Delhi,Pankaj Gupta,Seed Funding,2000000.0,2015.0,12.0
2015-12-02,RoomsTonite,Last Minute Hotel Booking App,Bengaluru,"Lashit Sanghvi, Nikhil Vora, Venkat Vardhan,Mohammed Bin Abdul Rehman Al Khalifa,\\xc2\\xa0 Ralph Berezan, Vissal Mathew,\\xc2\\xa0 Balamurali Krishna",Seed Funding,1500000.0,2015.0,12.0
2015-12-03,EasyKhaana,Online Food ordering & Delivery platform,Delhi,Undisclosed investors,Seed Funding,100000.0,2015.0,12.0
2015-12-03,Shuttl,App based Bus Pooling Services,Gurgaon,"Sequoia Capital, Times Internet Ltd & One more Fund",Private Equity,20000000.0,2015.0,12.0
2015-12-04,Applop,On Demand Mobile app developer,Kolkata,GHV Accelerator,Seed Funding,100000.0,2015.0,12.0
2015-12-04,CaRPM,Car Maintenance & Management mobile app,Gurgaon,GHV Accelerator,Seed Funding,100000.0,2015.0,12.0
2015-12-04,NDTV Wedding portal,Online Wedding Marketplace,Delhi,CerraCap,Private Equity,20000000.0,2015.0,12.0
2015-12-07,Customfurnish,Custom Made furniture e-tailer,Hyderabad,Agnus Capital,Private Equity,4500000.0,2015.0,12.0
2015-12-07,Faasos,QSR Chain,Pune,"ru-Net, Sequoia Capital,\\xc2\\xa0 Lightbox Ventures",Private Equity,30000000.0,2015.0,12.0
2015-12-07,Leaf Wearables,Smart Safety Wearable Devices,Delhi,"Ajeet Khurana Jinesh Shah, Vikram Chachra, Dr. Aniruddha Malpani",Seed Funding,250000.0,2015.0,12.0
2015-12-07,Coolshare,Cab Sharing service Mobile app,Mumbai,Gopal Aggarwal,Seed Funding,100000.0,2015.0,12.0
2015-12-08,Yumist,Home Cooked Food Order & Delivery platform,Gurgaon,"Unilazer Ventures, Orios Venture Partners, Steven Lurie",Private Equity,2000000.0,2015.0,12.0
2015-12-09,Jigsaw Academy,Online School for Analytics learning,Bengaluru,Manipal Global Education Services,Private Equity,3000000.0,2015.0,12.0
2015-12-09,Voxweb,Picture creation & Social mobile app,Mumbai,Undisclosed Investor,Seed Funding,350000.0,2015.0,12.0
2015-12-09,Aye Finance,Nonbanking finance company,Delhi,"SAIF Partners, Accion",Private Equity,3000000.0,2015.0,12.0
2015-12-10,BlackBuck,Online Freight Services Aggregator,Bengaluru,"Tiger Global Management, Yuri Milner, Apoletto, Accel Partners, Flipkart",Private Equity,25000000.0,2015.0,12.0
2015-12-10,HomeStudio,Online Branded Furniture etailer,Bengaluru,Bren Corporation,Private Equity,5000000.0,2015.0,12.0
2015-12-10,PropheSee,Digital Analytics Platform,Delhi,"Indian Angel Network, Stanford Angels, Entrepreneurs India",Seed Funding,500000.0,2015.0,12.0
2015-12-10,i2e1,Internet Network Infrastructure Services,Delhi,GrowX Ventures,Seed Funding,500000.0,2015.0,12.0
2015-12-10,Holisol Logistics,Supply Chain & Logistics Solutions,Delhi,CLSA Capital Partners ARIA IV Funds,Private Equity,10000000.0,2015.0,12.0
2015-12-10,Paynear,Mobile Point of Sale solutions,Hyderabad,Mitesh Majithia,Private Equity,2500000.0,2015.0,12.0
2015-12-10,Chillr,Peer-to-Peer Money Transfer & Recharge App,Mumbai,"Sequoia Capital, Blume Ventures, Uniqorn Ventures and other",Private Equity,70000000.0,2015.0,12.0
2015-12-11,EureQa,Test Automation SAAS platform,Hyderabad/USA,"Sashi Reddi, Gabriel Investments",Seed Funding,600000.0,2015.0,12.0
2015-12-11,OnlineRTI,Online RTI application services,Bengaluru,"LetsVenture, Mohandas Pai",Seed Funding,150000.0,2015.0,12.0
2015-12-11,Weddingz.in,Wedding Venues & Vendors Marketplace,Mumbai,"Rajan Anandan, Zoya Akhtar, Reema Kagati, Ruchi Narain, Amrish Kumar, Hrishikesh Parandekar",Seed Funding,1000000.0,2015.0,12.0
2015-12-14,Capricoast,Modular Furnishings Marketplace,Bengaluru,"Accel Partners India, RB Investments",Private Equity,3500000.0,2015.0,12.0
2015-12-14,Cabsguru,Cab search Comparison & Booking platform,Delhi,Prashanth Ranganathan,Seed Funding,200000.0,2015.0,12.0
2015-12-14,Whoop,Performance Optimization Platform for athletes,Boston,Infosys,Private Equity,3000000.0,2015.0,12.0
2015-12-15,Streamoid,visual search and discovery platform,Bangalore / Palo Alto,Undisclosed,Seed Funding,1000000.0,2015.0,12.0
2015-12-16,Housejoy,Home services marketplace,Bengaluru,"Amazon, Vertex Ventures, Qualcomm, Ru-Net Technology Partners, Matrix Partners",Private Equity,22500000.0,2015.0,12.0
2015-12-16,Bluebirch,End to End reverse logistics Solution platform,Bengaluru,"Chicago Capital Ventures, Sanjay Mehta, Others",Seed Funding,2000000.0,2015.0,12.0
2015-12-16,MeraDoctor,Virtual Health consultation app,Mumbai,Unilazer,Private Equity,1200000.0,2015.0,12.0
2015-12-17,Rivigo,Logistics Services Provider,Gurgaon,SAIF Partners and others,Private Equity,30000000.0,2015.0,12.0
2015-12-17,Springboard,Data Science & UX design Learning platform,Bengaluru,"Allen Blue, John Katzman, Naveen Tewari, Kartik Hosanagar, Kashyap Deorah, 500 Startups, Blue Fog Capital",Seed Funding,1700000.0,2015.0,12.0
2015-12-18,Ampere Vehicles,Electric Bike Manufacturers,Coimbatore,Kris Gopalakrishnan & Others,Seed Funding,1200000.0,2015.0,12.0
2015-12-18,CBREX,International Hiring Platform,Mumbai / NY,"Prahlad Rao, Sundara Rajan, Vikram Chachra",Seed Funding,200000.0,2015.0,12.0
2015-12-21,TruckMandi,Logistics Service Provider Marketplace,Delhi,"Ritesh Dwivedy, Ramakant Sharma, Mount Nathan Advisors",Private Equity,2000000.0,2015.0,12.0
2015-12-21,Peppertap,Hyperlocal\\xc2\\xa0 Grocery Delivery Service,Gurgaon,Innoven Capital,Private Equity,4000000.0,2015.0,12.0
2015-12-21,KOOH Sports,Sports Education Platform,Mumbai,"TCS, HDFC, Faering Capital, Elevate Sports",Private Equity,2000000.0,2015.0,12.0
2015-12-22,LatestOne,Mobile accessories online store,Hyderabad,Palred Technologies Ltd,Private Equity,3000000.0,2015.0,12.0
2015-12-22,Arya.ai,Artificial Intelligence platform,Mumbai,"YourNest Angel Fund, Venture Nursery",Private Equity,750000.0,2015.0,12.0
2015-12-22,Doctor Insta,Medical Consultation & Doctor appointment booking platform,Gurgaon,"Rishi Parti, BrahmaX Ventures",Private Equity,500000.0,2015.0,12.0
2015-12-22,MobieFit,Mobile Fitness App,Goa,Medi Assist,Private Equity,1000000.0,2015.0,12.0
2015-12-23,Mech Mocha,Mobile Game development & Design platform,Bengaluru,"Blume Ventures, Flipkart",Seed Funding,1000000.0,2015.0,12.0
2015-12-23,Shotang.com,B2B eCommerce Marketplace,Bengaluru,"Exfinity Venture Partners, Unitus Impact Livelihoods Fund",Private Equity,5000000.0,2015.0,12.0
2015-12-24,Black White Orange,B2B Merchandize platform,Mumbai,Collaborative Licensing Ventures LLP,Seed Funding,303000.0,2015.0,12.0
2015-12-24,Canvera,Photographer Online search & booking platform,Bengaluru,Info Edge (India) Ltd,Private Equity,2200000.0,2015.0,12.0
2015-12-28,Town Essentials,Grocery Delivery platform,Bengaluru,"Sharad Hegde, Girish Reddy, Siddharth Patil, Shrikant Patil",Seed Funding,1000000.0,2015.0,12.0
2015-12-28,Bumper,Mobile Car Servicing appointment app,Bengaluru,SAIF Partners,Seed Funding,500000.0,2015.0,12.0
2015-12-29,Hotify,New Curation Mobile App,Bengaluru,Mahavir Pratap Sharma,Seed Funding,150000.0,2015.0,12.0
2015-12-29,MobiKwik,Mobile Wallet,Gurgaon,"Sequoia Capital, Tree Line Asia, Innoven Capital",Private Equity,6600000.0,2015.0,12.0
2015-11-02,Twigly,Online Food Ordering & Delivery platform,Gurgaon,"Amit Gupta, Sahil Barua, Mukul Singhal, Tracxn Labs",Seed Funding,200000.0,2015.0,11.0
2015-11-02,CityFlo,Bus Aggregation and rental mobile app,Mumbai,IDG Ventures,Seed Funding,750000.0,2015.0,11.0
2015-11-03,Pokkt,Alternate Mobile Monetization platform,Mumbai,"Segnel Venture, Shinji Kimura, Sundar Chanrai, JAFCO Asia, SingTel\\xe2\\x80\\x99s Innov8, Jungle Ventures, K Ganesh",Private Equity,5000000.0,2015.0,11.0
2015-11-03,oibanit,Online Food Ordering Marketplace,Vadodara,"Varun Ahuja, Anubhav Verma",Seed Funding,150000.0,2015.0,11.0
2015-11-03,Stuffed,Quick Service Restaurant & Online Delivery,Mumbai,Riqueza Capital,Seed Funding,385000.0,2015.0,11.0
2015-11-03,LoanBaba,Online Loans Marketplace,Mumbai,,Seed Funding,320000.0,2015.0,11.0
2015-11-03,Deyor Rooms,Budget Hotels Aggregator,Delhi,Dheeraj Jain & Others,Seed Funding,500000.0,2015.0,11.0
2015-11-03,Bidgely,Efficient Energy Management platform,USA/India,"Constellation Technology Ventures (Exelon Corporation), E.ON, RWE, Khosla Ventures",Private Equity,16600000.0,2015.0,11.0
2015-11-04,Shirsa Labs,Digital Intelligent learning platform,Mumbai,ah! Ventures,Seed Funding,250000.0,2015.0,11.0
2015-11-04,YourDOST,Online Counselling and psychological support platform,Gwalior,"Phanindra Sama, Aprameya Radhakrishna, Aneesh Reddy, Neeraj Jawalkar, Sanjay Anandaram, Pavan Ongole, Venk Krishnan",Seed Funding,400000.0,2015.0,11.0
2015-11-05,BookMyBai,Domestic Help Aggregation platform,Mumbai,Vineel Nalla & Others,Seed Funding,150000.0,2015.0,11.0
2015-11-05,MyIndianStay,Home Stay & room rentals platform,Goa,Undisclosed investors,Seed Funding,200000.0,2015.0,11.0
2015-11-06,Satvacart,Online Grocery platform,Gurgaon,Undisclosed HNIs,Private Equity,1800000.0,2015.0,11.0
2015-11-06,POPxo.com,Online content platform for women,Delhi,"IDG Ventures India, Kalaari Capital, 500 Startups",Private Equity,2000000.0,2015.0,11.0
2015-11-06,SparesHub,Online Vehicle Spare Parts etailer,Pune,"Hyderabad Angels, M&S Partners",Seed Funding,460000.0,2015.0,11.0
2015-11-06,Explara,Event Ticketing platform,Pune,"Hyderabad Angels, Singapore Angel Network, Ness Wadia",Private Equity,490000.0,2015.0,11.0
2015-11-06,Yuvi Hospitality,Premium dining Lounges & restaurants,Gurgaon,Chandralekha Construction Pvt. Ltd.,Private Equity,15000000.0,2015.0,11.0
2015-11-09,AppVirality,Mobile Growth Hacking\\nPlatform,Hyderabad,"Rajan Anandan, Mike Galgon, Ravi Gururaj, Ashim Mehra,\\xc2\\xa0 Mohit Saxena, Internet Group, TNN Capital and others",Seed Funding,500000.0,2015.0,11.0
2015-11-09,iStar Skill Development,Skill Training Startup,Bengaluru,"Michael & Susan Dell Foundation, Unitus Seed Fund",Private Equity,1500000.0,2015.0,11.0
2015-11-09,BigStylist.com,Beauty and Wellness Marketplace,Mumbai,Info Edge,Private Equity,1000000.0,2015.0,11.0
2015-11-09,Zilingo,Marketplace App for Bangkok,Bangalore/ Bangkok,"Sequoia India, BEENEXT Ventures, Kunal Shah & Sandeep Tandon",Private Equity,1900000.0,2015.0,11.0
2015-11-09,Didi,On-demand Maids Service Provider,Mumbai,"Jozef Bardik, Leo Wang Sangeeth Ram",Seed Funding,150000.0,2015.0,11.0
2015-11-09,Skoov.com,eCommerce Product Search Engine,Mumbai,undisclosed investor,Seed Funding,150000.0,2015.0,11.0
2015-11-10,Chefs Basket,Ready to cook packaged Foods,Mumbai,"SAIF Partners, Haresh Chawla",Private Equity,6000000.0,2015.0,11.0
2015-11-11,Delight Foods,Branded Food products online sales,Bengaluru,"Lensbridge Capital, Mape Advisory Group, Fireside Ventures",Private Equity,600000.0,2015.0,11.0
2015-11-11,RenewBuy,Auto Insurance Online platform,Gurgaon,Mount Nathan Advisors Pte Ltd,Seed Funding,500000.0,2015.0,11.0
2015-11-12,Hitwicket,Cricket Management Mobile Game,Hyderabad,Chennai Angels,Seed Funding,250000.0,2015.0,11.0
2015-11-16,Cashkaro.com,Ecommerce Discount & Cashback coupons platform,Gurgaon,Kalaari Capital,Private Equity,3700000.0,2015.0,11.0
2015-11-16,Absentia,Virtual Reality Headset creator,Bengaluru,"Astarc Ventures, 50K Ventures & others",Seed Funding,180000.0,2015.0,11.0
2015-11-16,TaskBucks,mobile-only tasks marketplace,Delhi,Times Internet,Private Equity,15000000.0,2015.0,11.0
2015-11-17,CraftsVilla,Women Ethnic Wear\\xc2\\xa0 Online Marketplace,Mumbai,"Sequoia India, Lightspeed Venture Partners, Nexus Venture Partners, Global Founders Capital, Apoletto",Private Equity,34000000.0,2015.0,11.0
2015-11-17,Julia Computing,Numerical Computing & Data Science Platform,Bengaluru,Gordon and Betty Moore Foundation,Seed Funding,600000.0,2015.0,11.0
2015-11-17,StyleTag,Designer fashion Jewellery Marketplace,Bengaluru,Jitu Virwani,Seed Funding,7500000.0,2015.0,11.0
2015-11-17,Smytten,Online Products Discovery Platform,Gurgaon,"Rimpal Chawla, Anuj Srivastava",Seed Funding,200000.0,2015.0,11.0
2015-11-17,BiBox,Kids Tool kit for Innovation platform,Bengaluru,Ravi Krishnamurthy,Seed Funding,530000.0,2015.0,11.0
2015-11-17,Convegenius,Mobile Learning Solutions,Noida / Singapore,Enablers platform,Seed Funding,300000.0,2015.0,11.0
2015-11-18,Ola,Car Aggregator & Retail Mobile App,Bengaluru,"Baillie Gifford, Falcon Edge Capital, Tiger Global, SoftBank",Private Equity,500000000.0,2015.0,11.0
2015-11-18,Goodbox,conversational commerce mobile app,Bengaluru,Nexus Venture Partners,Private Equity,2500000.0,2015.0,11.0
2015-11-18,ScoopWhoop,Viral Content web Platform,Delhi,Kalaari Capital,Private Equity,4000000.0,2015.0,11.0
2015-11-19,UrbanClap,Mobile Services Marketplace,Gurgaon,"Bessemer Venture Partner, Accel, SAIF Partners",Private Equity,25000000.0,2015.0,11.0
2015-11-19,SenseGiz,Smartwatch Maker,Belgaum,Karnataka Semiconductor Venture Capital firm,Seed Funding,500000.0,2015.0,11.0
2015-11-19,Fourseven,Online Jewellery etailer,Delhi,Indian Angel Network,Seed Funding,455000.0,2015.0,11.0
2015-11-20,MindTickle,Sales & Productivity Software,Pune / US,New Enterprise Associates,Private Equity,12500000.0,2015.0,11.0
2015-11-20,Medinfi,Health-Tech platform,Bengaluru,"Ram Kumar Kakani, Pradeep K Jaisingh, Sunil T V, Vijay Ghadge, Hemant Kaul, Gurmeet Chahal & Others",Seed Funding,305000.0,2015.0,11.0
2015-11-20,OUWT,Nightlife Discovery Mobile App,Mumbai,Undisclosed investors,Seed Funding,150000.0,2015.0,11.0
2015-11-20,HeyPillow,Online Real Estate Marketplace,Bengaluru,Hampton Capital,Private Equity,3000000.0,2015.0,11.0
2015-11-21,Caravan Craft,Indian Ethnic Crafts Etailer,Bengaluru,"Unitus Seed Fund, Bijou Kurien, Narayan Ramachandran",Private Equity,1200000.0,2015.0,11.0
2015-11-21,Talkoot,Social platform for traders and investors,Bengaluru,Undisclosed investors,Seed Funding,100000.0,2015.0,11.0
2015-11-23,RentoMojo,"Online Furniture, Home Appliances Rental Platform",Bengaluru,"IDG Ventures India,\\xc2\\xa0 Accel Partners India",Private Equity,2000000.0,2015.0,11.0
2015-11-23,Medikoe,Healthcare Services Discovery platform,Bengaluru,Anil Menon,Seed Funding,100000.0,2015.0,11.0
2015-11-24,Stylofie,Health and Beauty Services Marketplace,Gurgaon,Swastika,Seed Funding,250000.0,2015.0,11.0
2015-11-24,Naaptol,Online and TV Shopping Marketplace,Mumbai,"Mitsui & Co., New Enterprise Associates, Canaan Partners, Silicon Valley Bank",Private Equity,52000000.0,2015.0,11.0
2015-11-25,EarlySalary.com,Mobile App based Loan disbursement platform,Mumbai,Ashok Agarwal,Seed Funding,1500000.0,2015.0,11.0
2015-11-25,Tooler,On Demand Laundry Services App,Delhi,"Raghu Khanna, Sameer Gupta",Seed Funding,110000.0,2015.0,11.0
2015-11-25,S Chand,Education Content Provider,Delhi,IFC Everstone Group,Private Equity,27000000.0,2015.0,11.0
2015-11-26,GoQii,Fitness Tracking Management Solutions,Mumbai,"New Enterprise Associates, Cheetah Mobile",Private Equity,13400000.0,2015.0,11.0
2015-11-26,Grofers,Hyper-local Grocery Delivery platform,Gurgaon,SoftBank,Private Equity,120000000.0,2015.0,11.0
2015-11-26,Pluss,Hyperlocal healthcare product Delivery Service provider,Gurgaon,"IDG Ventures, M & S partners, Powerhouse Ventures (USA).",Private Equity,1000000.0,2015.0,11.0
2015-11-27,JustRide,Self Driven Rental Car Platform,Mumbai,,Private Equity,2000000.0,2015.0,11.0
2015-11-30,Baxi,Two-Wheeler Taxi Service,Gurgaon,"Manish Kheterpal, Alok Mittal,\\xc2\\xa0 Puneet Dalmia,",Seed Funding,1450000.0,2015.0,11.0
2015-11-30,Superhero Brands,character merchandize sales platform,Mumbai,DSG Consumer Partners,Seed Funding,540000.0,2015.0,11.0
2015-11-30,QikPod,Ecommerce Delivery locker services,Bengaluru,"Flipkart, Accel Partners, Delhivery, Foxconn",Private Equity,9000000.0,2015.0,11.0
2015-10-01,Muvizz,Movie-on-demand platform,Singapore,"Ashish Todi, Abhinav Patodia, Kumar Shwetabh",Seed Funding,350000.0,2015.0,10.0
2015-10-02,Shopalyst,Product discovery & recommendation platform,Bengaluru,Kalaari Capital,Private Equity,2000000.0,2015.0,10.0
2015-10-03,Chillr,Mobile Payments App,Mumbai,Sequoia Capital,Private Equity,6000000.0,2015.0,10.0
2015-10-05,Nykaa,Beauty & Wellness Products e-tailer,Mumbai,"Harsh Mariwala, Atul Nishar, Dalip Pathak, Michael Carlos",Private Equity,9500000.0,2015.0,10.0
2015-10-05,Voylla,Fashion jewelry and accessories e-tailer,Jaipur,Peepul Capital,Private Equity,15000000.0,2015.0,10.0
2015-10-05,IndiaLends,Online Consumer Lending platform,Delhi,"DSG consumer Partners, Paragon Partners",Private Equity,1000000.0,2015.0,10.0
2015-10-05,Rock N Shop,Premium Apparel shopping portal,Delhi,High Networth Individuals (undisclosed),Seed Funding,150000.0,2015.0,10.0
2015-10-06,DocPlexus,Exclusive Platform for Doctors & Healthcare professionals,Pune,"Uniqorn ventures, ASP Consulting",Seed Funding,700000.0,2015.0,10.0
2015-10-06,WorkIndia,Job Board,Mumbai,"Satyen Kothari, Keshav Sanghi, Riddhesh Gandhi & Others",Seed Funding,500000.0,2015.0,10.0
2015-10-06,SportzVillage,Sports Management & Physical Education Business,Bengaluru,Gaja Capital Private Equity Fund,Private Equity,10000000.0,2015.0,10.0
2015-10-06,Burger Singh,QSR & Online delivery portal,Gurgaon,"Ashvin Chadha, Avtar Monga, Udaan Angels, Dheeraj Jain",Seed Funding,500000.0,2015.0,10.0
2015-10-06,Welcome Cure,Online Homeopathy Clinic,Mumbai,Unnamed Media house and HNIs,Private Equity,6000000.0,2015.0,10.0
2015-10-07,SchoolGuru,E-Learning Service Provider,Mumbai,High Networth Individuals from India & USA,Private Equity,3000000.0,2015.0,10.0
2015-10-07,GoJavas,Delivery & Logistics Service provider,Gurgaon,Snapdeal,Private Equity,20000000.0,2015.0,10.0
2015-10-08,ZuperMeal,Home Cooked Food marketplace & Delivery,Mumbai,"Sanjeev Kapoor,\\xc2\\xa0 Ravi Saxena & Others",Private Equity,2000000.0,2015.0,10.0
2015-10-08,Cube26,Gesture based Mobile Development,Delhi,"Tiger Global Management, Flipkart",Private Equity,7700000.0,2015.0,10.0
2015-10-08,Grabhouse,Rental Accommodation Search platform,Bengaluru,Sequoia and Kalaari Capital.,Private Equity,10000000.0,2015.0,10.0
2015-10-08,Quifers,Logistics Tech Platform,Mumbai,"Vikas Agarwal, Vishal Khare, Sanjeev Kakkar, Smile Group",Seed Funding,310000.0,2015.0,10.0
2015-10-09,Stockroom.io,Developer Portfolio Showcase platform,Hyderabad,Undisclosed Investors,Seed Funding,70000.0,2015.0,10.0
2015-10-09,Cloud Lending,End-to-End Lending platform,Bangalore / San Mateo,SF Capital Group,Private Equity,8000000.0,2015.0,10.0
2015-10-09,Inayo,on-demand healthcare marketplace,Mumbai,"Kemark Ventures, Amit Ranjan, Zishaan Hayath and Others",Seed Funding,300000.0,2015.0,10.0
2015-10-09,Kulzy,Advertising & Marketing Community Networking platform,Delhi,"Seedfund, Bedrock Ventures",Seed Funding,1000000.0,2015.0,10.0
2015-10-09,Zeppery,Food Ordering & Delivery App,Delhi,Suyash Sharma,Seed Funding,77000.0,2015.0,10.0
2015-10-12,Zify,Ride Sharing platform,Hyderabad,Sean O\\xe2\\x80\\x99Sullivan & Others,Seed Funding,190000.0,2015.0,10.0
2015-10-12,Gridle,Cloud Based Collaboration platform,Ahmedabad,LetsVenture,Seed Funding,100000.0,2015.0,10.0
2015-10-13,Voodoo,Mobile Only Shopping Assistant,Delhi,SAIF Partners,Seed Funding,1000000.0,2015.0,10.0
2015-10-13,Lookup,Mobile Messaging Assistant App,Bengaluru,"Khosla Impact, Biz Stone, Catamaran Ventures, Global Founders Capital, European investment fund",Private Equity,2500000.0,2015.0,10.0
2015-10-14,AskMyGift,Personalized Wish List creator app,Noida,Turning Ideas,Seed Funding,50000.0,2015.0,10.0
2015-10-14,Zappfresh,Raw Meat & Ready to eat food etailer,Gurgaon,Undisclosed Investors,Seed Funding,77000.0,2015.0,10.0
2015-10-17,S-Cube Futuretech,Structural & Civil Engg Service Automation,Mumbai,Parampara Capital,Private Equity,1000000.0,2015.0,10.0
2015-10-19,Citrus Payment,Payments Solution platform,Mumbai,"Sequoia Capital, Ascent Capital, eContext Asia, Beenos Asia",Private Equity,25000000.0,2015.0,10.0
2015-10-19,Holidify,Travel Destination Discovery platform,Delhi,Aarti Group,Seed Funding,100000.0,2015.0,10.0
2015-10-20,Opinio,Last Mile Delivery Service,Bengaluru,"Delhivery, Sands Capital and Accel Partners",Private Equity,7000000.0,2015.0,10.0
2015-10-20,Attune Technologies,Healthcare IT Solutions & services,Chennai,"Qualcomm Venture, Norwest Venture Partners",Private Equity,10000000.0,2015.0,10.0
2015-10-21,AgentDesks,Real Estate Mobile CRM,New York/ India,"Sierra Ventures, Cota Capital, Vegas Tech Fund",Seed Funding,2950000.0,2015.0,10.0
2015-10-21,White Owl Brewery,Micro-Brewery,Mumbai,"Arihant Patni, RAAY Global Investments",Private Equity,1530000.0,2015.0,10.0
2015-10-21,MealHopper,Home Made Food Marketplace,Gurgaon,"Alok Bajpai, Rajnish Kumar, Amit Dey",Seed Funding,100000.0,2015.0,10.0
2015-10-21,Zenify.in,residential rental management platform,Bengaluru,"Atul Jalan, Shrikanth & Bharath",Seed Funding,640000.0,2015.0,10.0
2015-10-23,Medd,Personal Diagnostic Mobile App,Mumbai,Group of Angel investors,Seed Funding,150000.0,2015.0,10.0
2015-10-23,Leaping Caravan,Online food ordering & Delivery service,Gurgaon,Group of Angel investors,Seed Funding,150000.0,2015.0,10.0
2015-10-23,Frsh,Online food ordering & Delivery service,Gurgaon,"Mumbai Angels, Mayank Bhangdia, Kae Capital",Private Equity,1000000.0,2015.0,10.0
2015-10-23,Qik Stay,Hotel Aggregator & booking platform,Delhi,ID Enablers Pvt Ltd,Seed Funding,250000.0,2015.0,10.0
2015-10-26,Parcelled,Online Logistics Platform,Bengaluru,Delhivery,Private Equity,5000000.0,2015.0,10.0
2015-10-26,AlmaMapper,Online Student & Campus Social Networking platform,Ahmedabad,Oswal Techno Ventures LLP,Seed Funding,400000.0,2015.0,10.0
2015-10-26,Flexing It,Professionals & Project Search Marketplace,Delhi,undisclosed private investors,Seed Funding,500000.0,2015.0,10.0
2015-10-26,Netmeds.com,Online Pharmacy,Chennai,"OrbiMed, Pradip Dadha Group",Private Equity,50000000.0,2015.0,10.0
2015-10-26,Razorpay,Online Payment Gateway,Jaipur,"Tiger Global Management, Matrix Partners",Private Equity,9000000.0,2015.0,10.0
2015-10-27,Happitoo,Location based Nightlife recommendation\\xc2\\xa0 Platform,Mumbai,Unnamed investor,Seed Funding,77000.0,2015.0,10.0
2015-10-27,Care24,Professional Health Services Platform,Mumbai,India Quotient,Seed Funding,350000.0,2015.0,10.0
2015-10-27,Roadrunnr,Hyperlocal Logistics Service,Bengaluru,"Sequoia Capital, Nexus Venture Partners",Private Equity,10000000.0,2015.0,10.0
2015-10-28,ORIGA Leasing,Asset Financing platform,Mumbai,"ah! Ventures, 500 Startups & Other HNIs",Seed Funding,1100000.0,2015.0,10.0
2015-10-28,Smartivity.in,Virtual Reality activity based learning platform,Delhi,S Chand and Co Pvt Ltd,Seed Funding,200000.0,2015.0,10.0
2015-10-29,ZopHop,Public Commute helper App,Mumbai,"Amit Singhal, PK Gulati & others",Seed Funding,450000.0,2015.0,10.0
2015-10-30,LiftO,Ridesharing Mobile app,Mumbai,"Rajesh Bhatia, Dheeraj Mehta & Others",Seed Funding,130000.0,2015.0,10.0
2015-10-30,TinyOwl,Food Discovery & Delivery Mobile app,Mumbai,"Sequoia Capital, Matrix Partners",Private Equity,7500000.0,2015.0,10.0
2015-10-30,Toppr.com,Competitive exam learning platform,Mumbai,InnoVen Capital,Private Equity,2000000.0,2015.0,10.0
2015-10-30,Kleeto,Document Digitization platform,Gurgaon,GREX,Seed Funding,230000.0,2015.0,10.0
2015-10-30,BeaconsTalk,proximity marketing & Mobile Advertising platform,Mumbai,Puneet Bhatia & others,Seed Funding,80000.0,2015.0,10.0
2015-10-31,Jugnoo,Autorickshaw Aggregator & Booking platform,Chandigarh,Paytm,Private Equity,10000000.0,2015.0,10.0
2015-09-01,TOFlo,FinTech Startup Incubation platform,Mumbai,Tania Johny Palathinkal,Seed Funding,100000.0,2015.0,9.0
2015-09-01,Stylecracker,Personalized Styling platform,Mumbai,Group of HNI investors,Private Equity,1000000.0,2015.0,9.0
2015-09-01,Luxuryhues,Luxury goods\\xc2\\xa0 Shopping Platform,Gurgaon,Reliance Capital,Private Equity,900000.0,2015.0,9.0
2015-09-02,Zivame,Online Lingerie Marketplace,Bengaluru,"Zodius Technology Fund, Khazanah Nasional Berhad",Private Equity,40000000.0,2015.0,9.0
2015-09-02,Capillary Tech,Cloud software solutions,Delhi,"Warburg Pincus, Sequoia Capital, Norwest Venture Partners",Private Equity,45000000.0,2015.0,9.0
2015-09-03,Jobspire,Job Search Platform,Bengaluru,Purvi Capital,Seed Funding,260000.0,2015.0,9.0
2015-09-03,Vistaar Finance,Small Business Financing (NBFC),Bengaluru,"WestBridge Capital, Omidyar Network, Elevar Equity, Saama Capital,\\xc2\\xa0 Lok Capital",Private Equity,40000000.0,2015.0,9.0
2015-09-04,Clapsnslaps,Online Movie Review Platform,Mumbai,R M Picture Company Pvt. Ltd.,Seed Funding,150000.0,2015.0,9.0
2015-09-04,Blubox,ECommerce Brands\\xe2\\x80\\x99 Full Service Agency,Mumbai,Ashish Jhalani,Seed Funding,100000.0,2015.0,9.0
2015-09-04,RoomCentral,Cloud-based Hotel Booking Platform,Bengaluru,Karanpal Singh,Seed Funding,2000000.0,2015.0,9.0
2015-09-07,YouthKiAwaaz,Community Driven News/Views Platform,Delhi,"Raghav Bahl, Ritu Kapur",Seed Funding,600000.0,2015.0,9.0
2015-09-07,Prozo,Study Material Marketplace,Delhi,"Nalin Jain, Shomil Pant, Dinesh Kundu & others",Seed Funding,205000.0,2015.0,9.0
2015-09-07,Zomato,Restaurant Ratings & Reviews platform,Gurgaon,"Temasek, Vy Capital",Private Equity,60000000.0,2015.0,9.0
2015-09-07,Sahayog Dairy,Dairy Based Product Manufacturer,Bhopal,Acumen Fund,Private Equity,1800000.0,2015.0,9.0
2015-09-08,MockBank,Government Test Preparation platform,Bengaluru,Blume Ventures,Seed Funding,400000.0,2015.0,9.0
2015-09-10,OnlineTyari,Multilingual Test Preparation Platform,Gurgaon,"500 Startups, TV Mohandas Pai, Tandem Capital, Vikram Chachra, Aloke Bajpai",Private Equity,770000.0,2015.0,9.0
2015-09-10,IndustryBuying,Industrial Tools Marketplace,Delhi,"Kalaari Capital, SAIF Partners, Beenextan investment fund",Private Equity,9200000.0,2015.0,9.0
2015-09-10,The/Nudge Foundation,Non Profit Organization to alleviate poverty,Bengaluru,"Nanadan Nilekani, InMobi, Paytm",Seed Funding,315000.0,2015.0,9.0
2015-09-11,FitMeIn,Gym & Fitness Studios Subscription platform,Delhi,Green House Ventures,Seed Funding,100000.0,2015.0,9.0
2015-09-11,Zapyle,pre-used apparel shopping mobile app,Bengaluru,,Seed Funding,1000000.0,2015.0,9.0
2015-09-12,CredR,Used Vehicles Marketplace,Mumbai,Eight Road Ventures,Private Equity,15000000.0,2015.0,9.0
2015-09-14,CanvasFlip,Mobile App testing platform,Hyderabad,Bessemer Venture Partners,Seed Funding,1200000.0,2015.0,9.0
2015-09-14,Shadowfax,Hyperlocal Delivery Services,Gurgaon,Eight Roads Ventures,Private Equity,9000000.0,2015.0,9.0
2015-09-14,UE Life Sciences,Early Cancer Detection Solutions,US/India,"Aarin Capital, Unitus Seed Fund",Private Equity,3000000.0,2015.0,9.0
2015-09-14,Ola Cabs,Cab rental Mobile app,Bengaluru,"Falcon Edge Capital, NY based Hedge Fund, Tiger Global, SoftBank",Private Equity,225000000.0,2015.0,9.0
2015-09-15,Coverfox,Online Insurance Distribution Platform,Mumbai,Cataraman Ventures,Private Equity,2000000.0,2015.0,9.0
2015-09-15,MoEngage,Mobile Marketing Automation Platform,Bengaluru,"Helion Venture Partners, Exfinity Ventures",Private Equity,4250000.0,2015.0,9.0
2015-09-15,Tea Trails,Chain of Tea Caf\\xc3\\xa9\\xe2\\x80\\x99s,Mumbai,"Anil Matai, Vikram Tandon, Shyam Sundar R & others",Seed Funding,1000000.0,2015.0,9.0
2015-09-15,Room on Call,Branded Budget Hotel Marketplace,Noida,Payal Syal,Seed Funding,300000.0,2015.0,9.0
2015-09-16,ChaiPoint,Food Subscription platform,Bengaluru,Eight Roads Ventures,Private Equity,10000000.0,2015.0,9.0
2015-09-16,WedmeGood.com,Wedding Planning Platform,Gurgaon,Indian Angel Network,Seed Funding,410000.0,2015.0,9.0
2015-09-16,XSTOK,B2B Mobile Auction Marketplace,Mumbai,Oliphans Capital,Seed Funding,450000.0,2015.0,9.0
2015-09-17,YepMe,Private label Fashion eTailer,Gurgaon,"Khazanah Nasional Berhad, Helion Venture Partners",Private Equity,75000000.0,2015.0,9.0
2015-09-17,Bueno,Online Food ordering & delivery,Gurgaon,High Networth Individuals (No details),Seed Funding,600000.0,2015.0,9.0
2015-09-18,Plabro,Real Estate Broker Platform App,Delhi,"Sachin Bansal & Binny Bansal, Sol Primero, Outbox Ventures, Sangram Singh",Seed Funding,350000.0,2015.0,9.0
2015-09-18,CureJoy,Online Health & Wellness platform,Bengaluru,"Accel Partners, Subrata Mitra, Larry Braitman, Venk Krishna",Private Equity,1150000.0,2015.0,9.0
2015-09-18,Briston Technomach,Internet of Things platform,Delhi,Undisclosed,Seed Funding,150000.0,2015.0,9.0
2015-09-18,LabStreet,Diagnostic Labs aggregator platform,Gurgaon,Multiple investors,Seed Funding,150000.0,2015.0,9.0
2015-09-21,Portea Medical,Home Medical Care Services,Bengaluru,"Accel Partners, International Finance Corporation (IFC), Qualcomm Ventures, Ventureast",Private Equity,37500000.0,2015.0,9.0
2015-09-21,Neotrade Analytics,Real-Time stock data platform,Bengaluru,Rainmatter,Seed Funding,235000.0,2015.0,9.0
2015-09-21,LafaLafa,coupons and cashback aggregator app,Mumbai,500 Startups,Seed Funding,125000.0,2015.0,9.0
2015-09-22,Bestdealfinance,Financial Services Portal,Mumbai,"Kalaari Capital, YourNest Angel Fund",Private Equity,3000000.0,2015.0,9.0
2015-09-22,Virtual Logic,"virtual reality, 3d simulation and stereoscopic products",Bengaluru,Swarnim Multiventures,Private Equity,800000.0,2015.0,9.0
2015-09-22,Furdo,Online Interior Designing platform,Bengaluru,Bhavdeep Reddy,Seed Funding,400000.0,2015.0,9.0
2015-09-22,LogiNext,End-to-end Logistics platform,Mumbai,Paytm,Private Equity,10000000.0,2015.0,9.0
2015-09-22,Korra,Private Label Apparel sales,Delhi,Asha Jadeja Motwani & Others,Seed Funding,300000.0,2015.0,9.0
2015-09-23,SilverPush,Cross-device retargeting platform,Gurgaon / SFO,M&S Partners,Private Equity,1200000.0,2015.0,9.0
2015-09-23,Juggernaut,Digital & Physical Publishing platform,Delhi,"William Bissell, Neeraj Aggarwal, Nandan Nilekani",Private Equity,2250000.0,2015.0,9.0
2015-09-23,InnerChef,Food Delivery Platform,Delhi,"Phanindra Sama, Anupam Mittal, Vijay Shekhar Sharma, Vishal Gondal, Sateesh Andara & others",Private Equity,1750000.0,2015.0,9.0
2015-09-24,Quintype,Data Driven Publishing platform,Bengaluru,Raghav Bahl,Private Equity,3300000.0,2015.0,9.0
2015-09-24,Capabiliti,Employee OnBoarding & Orientation platform,Noida,"500 Startups, Smile Multimedia, Kunal Bahl, Rohit Bansal, Girish Matrubootham",Seed Funding,400000.0,2015.0,9.0
2015-09-24,Fourth Partner Energy,Solar Power Solutions company,Hyderabad,"Infuse Ventures, The Chennai Angels",Private Equity,2000000.0,2015.0,9.0
2015-09-24,Licious,Online Meat Ordering platform,Bengaluru,"Kanwaljit Singh, TV Mohandas Pai",Seed Funding,1000000.0,2015.0,9.0
2015-09-28,Ola Cabs,Cab Booking app platform,Bengaluru,Didi Kuaidi,Private Equity,30000000.0,2015.0,9.0
2015-09-29,Paytm,E-Commerce & M-Commerce platform,Delhi,"Alibaba Group, Ant Financial",Private Equity,680000000.0,2015.0,9.0
2015-09-29,Inmobi,Mobile Advertising platform,Bengaluru,Tennenbaum Capital Partners & Others,Private Equity,100000000.0,2015.0,9.0
2015-09-29,Peppertap,Hyperlocal Grocery Delivery,Gurgaon,"Sequoia India, SAIF Partners.",Private Equity,36000000.0,2015.0,9.0
2015-09-29,Zakoopi,Fashion Discovery platform,Delhi,Uniqorn Ventures,Seed Funding,350000.0,2015.0,9.0
2015-09-30,Infoworks,Big Data Management Platform,Bangalore / USA,"Nexus Venture Partners, Knoll Ventures and others",Private Equity,5000000.0,2015.0,9.0
2015-09-30,RedDoorz,Budget Accommodation Platform,Noida,Jungle Ventures,Seed Funding,1000000.0,2015.0,9.0
2015-09-30,Eywa Media,Digital Signal processing platform,Bengaluru,"ah! Ventures, Viktor Koenig PE Fund, Mantra Ventures",Seed Funding,1000000.0,2015.0,9.0
2015-08-01,Snapdeal,Ecommerce Marketplace,Delhi,"Alibaba, Foxconn, SoftBank",Private Equity,500000000.0,2015.0,8.0
2015-08-01,Ressy,Restaurant Discount app,Pune,Mohandas Pai & others,Seed Funding,400000.0,2015.0,8.0
2015-08-03,Connect India,ECommerce Logistics provider,Delhi,Aavishkaar,Private Equity,5000000.0,2015.0,8.0
2015-08-03,Oyorooms,Budget Hotel accommodation brand,Delhi,SoftBank,Private Equity,100000000.0,2015.0,8.0
2015-08-03,Wizrocket,User Engagment & Analytics platform,Mumbai,"Sequoia Capital, Accel Partners",Private Equity,9600000.0,2015.0,8.0
2015-08-04,Pickingo,On-Demand Delivery Logistics,Delhi,"Orios Venture Partners, Zishaan Hayath",Private Equity,1300000.0,2015.0,8.0
2015-08-05,Grex,fund raising platform for startups,Pune,"Kunal Bajaj, Chandru Badrinarayanan",Seed Funding,650000.0,2015.0,8.0
2015-08-05,LetsTransport,Logistics Tech Platform,Bengaluru,"Rebright Partners, Ankush Nijhawan, Gaurav Bhatnagar, Manish Dhingra",Seed Funding,1300000.0,2015.0,8.0
2015-08-05,Zo Rooms,Online budget hotel chain,Delhi,"Tiger Global Management, Orios Venture Partners",Private Equity,30000000.0,2015.0,8.0
2015-08-05,Doormint,Hyperlocal Handyman services,Mumbai,"Helion Venture Partners, Kalaari Capital",Private Equity,3000000.0,2015.0,8.0
2015-08-05,NightStay,hotel booking app,Noida,"BedRock Ventures, Rajesh Sawhney, Shailesh Singh",Seed Funding,500000.0,2015.0,8.0
2015-08-05,Sunday Realty Solutions,Tech Platform for property brokers,Mumbai,"Ramesh Jogani, Shailesh Viswanathan, Jay Srinivasan",Seed Funding,785000.0,2015.0,8.0
2015-08-06,Appvigil,App security\\xc2\\xa0 testing platform,Mumbai,"Ravi Gururaj, Gaurav Sharma, Viswanath Ramachandran, RippleWave",Seed Funding,500000.0,2015.0,8.0
2015-08-06,practo,Doctor Appointment booking app,Bengaluru,"Sofina, Google Capital, Altimeter Capital, Sequoia Capital Global Equities, Yuri Milner, Sequoia Capital, Matrix Partners",Private Equity,90000000.0,2015.0,8.0
2015-08-06,Ketto,Crowd funding platform,Mumbai,"Chennai Angels, Calcutta Angels, ah! Ventures, Intellecap Impact Investment Network, Indus Age Partners, Singapore Angel Network, India Internet Fund, LetsVenture",Seed Funding,700000.0,2015.0,8.0
2015-08-06,Ezetap,Mobile based PoS solution,Bengaluru,"Horizons Ventures, Capricorn Investment Group, Social+Capital, Helion Advisors, Berggruen Holdings",Private Equity,25000000.0,2015.0,8.0
2015-08-07,Carl\\xe2\\x80\\x99s Jr,Fast food Chain Franchisee,Gurgaon,YouWeCan Ventures,Seed Funding,630000.0,2015.0,8.0
2015-08-07,EasyRewardz,Loyalty Programs & Reward Points,Mumbai,"Wealth First, Ashneer Grover, Atul Phadnis",Private Equity,500000.0,2015.0,8.0
2015-08-10,MyTaxiIndia,Taxi Rental platform,Gurgaon,"Nihon Kotsu,",Private Equity,500000.0,2015.0,8.0
2015-08-10,eSadar,ecommerce,Delhi,"Neha Vats, Gaurav Vats",Seed Funding,80000.0,2015.0,8.0
2015-08-10,MyPoolin,mobile social network,Delhi,QPrize from Qualcomm Ventures,Seed Funding,250000.0,2015.0,8.0
2015-08-10,NearBuy (previously\\xc2\\xa0 groupon India),Hyper-Local Ecommerce,Delhi,Sequoia Capital,Private Equity,16000000.0,2015.0,8.0
2015-08-10,Inkmonk,Online printing marketplace,Chennai,"Girish Mathrubootham, Phanindra Sama, Vikram Chachra, Others from LetsVenture",Seed Funding,250000.0,2015.0,8.0
2015-08-10,ToneTag,mobile payment software platform,Bengaluru,Reliance Capital Venture,Private Equity,1000000.0,2015.0,8.0
2015-08-10,Grey Orange,Automated Storage & Warehousing Solution,Gurgaon,Tiger Global Management,Private Equity,30000000.0,2015.0,8.0
2015-08-11,Livspace,Home Design & D\\xc3\\xa9cor solutions,Bengaluru,"Helion Ventures, Jungle Ventures & Bessemer Venture Partners",Private Equity,8000000.0,2015.0,8.0
2015-08-11,WOW! MOMO,Quick Service Restaurant Chain,Kolkata,Indian Angel Network,Seed Funding,1600000.0,2015.0,8.0
2015-08-11,RainCan,Subscription based Online Grocery platform,Pune,Ajeet Khurana & Others,Seed Funding,100000.0,2015.0,8.0
2015-08-11,Allygrow Technologies,engineering services company,Mumbai,Zodius Technology Fund,Private Equity,20000000.0,2015.0,8.0
2015-08-11,Infogain,Business and IT consulting,New Delhi / US,ChrysCapital,Private Equity,63000000.0,2015.0,8.0
2015-08-12,OneAssist,Credit Card Fraud protection solutions,Mumbai,"Sequoia Capital, Lightspeed Ventures",Private Equity,7500000.0,2015.0,8.0
2015-08-12,BigBasket,Online & mobile Grocery store,Bengaluru,Bessemer Venture Partners,Private Equity,50000000.0,2015.0,8.0
2015-08-12,Sheroes,Career Community for Women,Noida,"Quintillion Media, 500 Startups",Seed Funding,770000.0,2015.0,8.0
2015-08-12,Scripbox,Mutual Fund Investing platform,Bengaluru,"Accel Partners, Deep Kalra, Rajesh Magow, Mohit Gupta, Shamik Sharma",Private Equity,2500000.0,2015.0,8.0
2015-08-13,etaout,Ecommerce Marketing Software Platform,Noida,"Amit Ranjan, Vijay Shekhar Sharma, Kunal Bahl, Girish Mathrubootham &\\xc2\\xa0 Group of other Angel investors",Seed Funding,500000.0,2015.0,8.0
2015-08-13,IFMR Holdings,Financial Inclusion platform,Chennai,"Accion, LeapFrog Investments, Lok Capital",Private Equity,25000000.0,2015.0,8.0
2015-08-13,Agrostar,Mobile Commerce for Farmers,Pune,IDG Ventures,Private Equity,4000000.0,2015.0,8.0
2015-08-14,VoxWeb,Picture based Social App,Mumbai,Jitendra Gupta & others,Seed Funding,100000.0,2015.0,8.0
2015-08-14,Trukky,Logistics service platform,Ahmedabad,"Gujarat based angel investors, MMY co-Founder",Seed Funding,245000.0,2015.0,8.0
2015-08-17,Edu4Share,Exam Preparation Platform,Delhi,Nalin Jain & other angel investors,Seed Funding,220000.0,2015.0,8.0
2015-08-17,Sampurnearth,Waste Management Solutions,Mumbai,"Intellecap Impact Investment Network, family office fund",Seed Funding,160000.0,2015.0,8.0
2015-08-17,ShadowFax,on-demand delivery service,Gurgaon,"Kunal Bahl, Rohit Bansal, Zishaan Hayath, Prashant Malik",Seed Funding,310000.0,2015.0,8.0
2015-08-18,Roposo,Fashion Discovery platform,Gurgaon,Tiger Global,Private Equity,15000000.0,2015.0,8.0
2015-08-18,IntelligenceNODE,Data Analytics Platform,Mumbai,"New Enterprise Associates, Orios Venture Partners",Private Equity,4200000.0,2015.0,8.0
2015-08-18,HyperVerge,Deep Learning Cloud Algorithms,Chennai,"NEA, Milliways Ventures, Naya Ventures",Seed Funding,1000000.0,2015.0,8.0
2015-08-18,Zoojoo.be,Corporate Wellness App,Bengaluru,RoundGlass Partners,Private Equity,1000000.0,2015.0,8.0
2015-08-19,TimeSaverz,"Hyperlocal Maintenance, Repair & Cleaning services",Mumbai,Unilazer Ventures,Private Equity,2400000.0,2015.0,8.0
2015-08-19,MebelKart,Online Furniture Marketplace,Bengaluru,AskMe,Private Equity,20000000.0,2015.0,8.0
2015-08-20,LabsAdvisor,Online Diagnostic Tests Marketplace,Delhi,Group of Angel Investors,Seed Funding,156000.0,2015.0,8.0
2015-08-20,Flatpebble,Online marketplace for Photographers,Hyderabad,Indian Angel Network,Seed Funding,600000.0,2015.0,8.0
2015-08-20,Bluegape.com,Visual Blogging platform,Delhi,"ah! Ventures, Times Internet, Rudy Gopalakrishnan",Seed Funding,600000.0,2015.0,8.0
2015-08-21,ePoise,Job Search Platform,Bengaluru,"Orios Venture Partners, Amit Ranjan & others",Seed Funding,500000.0,2015.0,8.0
2015-08-24,Jolly Food Fellow,Food Customer analytics platform,Ahmedabad,The 1947,Seed Funding,300000.0,2015.0,8.0
2015-08-24,BookMeIn,Professional Service Appointment booking service,Mumbai,Ajmera Group of Companies,Seed Funding,400000.0,2015.0,8.0
2015-08-25,Qyk App,On-Demand App based Professional service provider,Bengaluru,"GrowX ventures, Tracxn Labs, Powai Lake Ventures, and Sahil Barua",Private Equity,1000000.0,2015.0,8.0
2015-08-25,EazyDiner,Restaurant Reservation Platform,Gurgaon,"DSG Consumer Partners, Saama Capital",Private Equity,3000000.0,2015.0,8.0
2015-08-25,RevX,Cross-channel CRM platform,Mumbai,"Norwest Venture Partners, Nexus Venture Partners, Helion Venture Partners, Draper Fisher Jurvetson, Peepul Capital",Private Equity,4000000.0,2015.0,8.0
2015-08-25,ICustomMadeIt,Professional Custom creators Marketplace,Pune,Group of Angel Investors,Seed Funding,250000.0,2015.0,8.0
2015-08-26,PickMyLaundry,on-Demand Washing & Dry-Cleaning,Delhi,GHV Accelerator,Seed Funding,100000.0,2015.0,8.0
2015-08-26,Belita,On-Demand Beauty Service,Mumbai,"India Quotient, LetsVenture investors, Lead Angels",Seed Funding,400000.0,2015.0,8.0
2015-08-26,FoodTalkIndia,Online Food Community Platform,Gurgaon,Undisclosed Investor,Seed Funding,500000.0,2015.0,8.0
2015-08-28,Vyomo,Beauty & Lifestyle Mobile Marketplace,Bengaluru,Rocket Internet,Private Equity,2000000.0,2015.0,8.0
2015-08-28,RollMafia,QSR Restaurant Chain,Pune,Equentia Natural Resources,Seed Funding,160000.0,2015.0,8.0
2015-08-31,DropKaffe,Online Coffee Delivery platform,Bengaluru,"Manish Singhal, P39 Capital & Others",Seed Funding,300000.0,2015.0,8.0
2015-08-31,Reverie,Language Localization Cloud platform,Bengaluru,"Aspada Investment Advisors, Qualcomm Ventures",Private Equity,4000000.0,2015.0,8.0
2015-07-01,Cloudcherry Analytics,CRM / Analytics platform,Chennai,"The Chennai Angels, IDG Ventures India",Seed Funding,1000000.0,2015.0,7.0
,HandyHome,Hyperlocal Electronics repair Service,Mumbai,"Bessemer Ventures, Kae Capital",Seed Funding,630000.0,,
2015-07-01,NxtGen,IT infrastructure & Data Center services,Bengaluru,"IFC, Axon Partners, Intel Capital",Private Equity,13500000.0,2015.0,7.0
2015-07-02,BankBazaar,Online Financial Services,Chennai,"Amazon, Fidelity Growth Partners, Mousse Partners",Private Equity,60000000.0,2015.0,7.0
2015-07-02,Gozoomo,Used Car Marketplace,Bengaluru,SAIF Partners,Private Equity,5000000.0,2015.0,7.0
2015-07-02,Zenatix,Internet of Things platform,Gurgaon,"Rajan Anandan, Kunal Bahl, Rohit Bansal, Rahul Khanna",Seed Funding,161000.0,2015.0,7.0
2015-07-03,CultureAlley,Language Learning App,Jaipur,Tiger Global,Private Equity,6500000.0,2015.0,7.0
2015-07-03,Gingercrush,Custom Merchandize platform,Ahmedabad,"Gokul Jaykrishna, Brand Capital",Seed Funding,1000000.0,2015.0,7.0
2015-07-04,Stitchwood,Custom Furniture Marketplace,Mumbai,"Powai Lake Ventures, Ajeet Khurana & others",Seed Funding,395000.0,2015.0,7.0
2015-07-06,Paper Boat,Ethnic Beverages manufacturer,Gurgaon,"Sofina, Hillhouse Capital",Private Equity,30000000.0,2015.0,7.0
2015-07-07,Wudstay,Budget Accommodation aggregator,Gurgaon,"Mangroves Capital Partners, Vikas Saxena",Private Equity,3000000.0,2015.0,7.0
2015-07-07,Liases Foras,Real Estate Rating & Analysis,Delhi,DMG information Asia Pacific,Private Equity,5000000.0,2015.0,7.0
2015-07-08,Saavn,Music Streaming App,Mumbai,"Tiger Global Management, Bertelsmann India, Steadview Capital, Liberty Media, Mousse Partners, Quilvest",Private Equity,100000000.0,2015.0,7.0
2015-07-08,Flytxt,Big Data & Analytics platform,Mumbai / Global,"Sunrise Capital GmBH, Big Data Investments B.V",Private Equity,11000000.0,2015.0,7.0
2015-07-08,Axtria,Big Data & Analytics platform,India / US,"Helion Venture Partners,Amarpreet Sawhney, Deshpande Foundation, Fred Khosravi, Richard S. Braddock",Private Equity,30000000.0,2015.0,7.0
2015-07-08,33Coupons,Coupon Aggregator Platform,Kanpur,Not Disclosed,Seed Funding,20000.0,2015.0,7.0
2015-07-08,Hopping Chef,Online Food-Tech Platform,Mumbai,Mirah Hospitality,Seed Funding,470000.0,2015.0,7.0
2015-07-08,Collectabillia,Celebrity Fashion Brand,Bengaluru,Accel Partners,Private Equity,7500000.0,2015.0,7.0
2015-07-08,Lendingkart,Online Finance lending platform,Ahmedabad,"Saama Capital, Mayfield, Ashvin Chadha, Shailesh Mehta",Private Equity,10000000.0,2015.0,7.0
2015-07-08,Lybrate,Healthcare Mobile App,Delhi,"Tiger Global Management, Ratan Tata, Nexus Venture Partners",Private Equity,10200000.0,2015.0,7.0
2015-07-08,Zoomcar,Self-driven vehicle rental,Bengaluru,"Sequoia Capital, Empire Angels, NGP",Private Equity,11000000.0,2015.0,7.0
2015-07-14,MySmartPrice,Online comparison engine,Hyderabad,"Accel Partners, Helion Venture Partners",Private Equity,10000000.0,2015.0,7.0
2015-07-14,Boxmyspace,Physical Storage warehouses,Mumbai,"Ritesh Veera, Singapore Angel Network, Orios Venture Partners,",Seed Funding,300000.0,2015.0,7.0
2015-07-14,HackerRank,Tech Recruitment platform,Bengaluru,HR Technology fund,Private Equity,7500000.0,2015.0,7.0
2015-07-14,WickedRide,Bike Rental Platform,Bengaluru,Undisclosed,Seed Funding,790000.0,2015.0,7.0
2015-07-14,WoWexpress,Tech enabled logistics platform,Mumbai,Tamarind Family Private Trust,Seed Funding,500000.0,2015.0,7.0
2015-07-15,Oyo Rooms,Budget Hotel Accommodation,Gurgaon,SoftBank,Private Equity,100000000.0,2015.0,7.0
2015-07-15,Mobikon,Restaurant customer engagement platform,Pune,Jungle Ventures,Private Equity,2300000.0,2015.0,7.0
2015-07-15,Roadrunnr,Hyper local logistics platform,Bengaluru,"Sequoia Capital, Nexus Venture Partners, Blume Ventures",Private Equity,11000000.0,2015.0,7.0
2015-07-16,Ketto,Crowd Funding Platform,Mumbai,"Pradyumna Dalmia, Sudhir Rao & Others",Seed Funding,700000.0,2015.0,7.0
2015-07-17,QuikWallet,F&B sector Mobile Payment platform,Mumbai,Snow Leopard Technology Ventures,Private Equity,1600000.0,2015.0,7.0
2015-07-17,Omnikart,Industrial Supplies B2B ecommerce,Mumbai,"Sumit Gandhi, Manish Gandhi",Seed Funding,100000.0,2015.0,7.0
2015-07-20,Zo Rooms,Online budget hotel chain,Delhi,"Tiger Global, Orios Venture Partners.",Private Equity,15000000.0,2015.0,7.0
2015-07-20,Innoviti,Payment Solutions platform,Bengaluru,"Catamaran Ventures, New India Investment Corporation",Private Equity,4850000.0,2015.0,7.0
2015-07-21,Joy by nature,Organic Food ecommerce,Delhi,"Mumbai Angels, Vriddhi Fund, Others",Private Equity,1000000.0,2015.0,7.0
2015-07-22,Iqlect,Big Data & Analytics platform,Bengaluru,Exfinity Venture Partners,Private Equity,2000000.0,2015.0,7.0
2015-07-22,deGustibus,Fine Dining Restaurant Chain,Mumbai,India Value Fund Advisors,Private Equity,30000000.0,2015.0,7.0
2015-07-23,Nestaway,Luxury Rental Homes,Bengaluru,"Flipkart, Tiger Global",Private Equity,12750000.0,2015.0,7.0
2015-07-23,Mswipe,Mobile Point of Sale payment solution,,"Falcon Edge Capital, Meru Capital, Ola, Matrix Partners, DSG Consumer Partners, Axis Bank",Private Equity,25000000.0,2015.0,7.0
2015-07-23,Myonsto,Online Grocers,Ahmedabad,Jayant Bokadia,Seed Funding,320000.0,2015.0,7.0
2015-07-23,MedGenome,Clinical Genomics Provider,Bengaluru,Sequoia Capital,Private Equity,20000000.0,2015.0,7.0
2015-07-23,HolidayIQ,Travel information portal,Bengaluru,MakeMyTrip,Private Equity,15000000.0,2015.0,7.0
2015-07-23,Fitternity,Fitness Marketplace,Mumbai,Exfinity Venture Partners,Private Equity,1000000.0,2015.0,7.0
2015-07-23,Quikr,Online & Mobile classified listings,Mumbai,"AB Kinnevik, Falcon Edge Capital, Coatue Management",Private Equity,60000000.0,2015.0,7.0
2015-07-24,BroEx,Real Estate Broker network App,Gurgaon,Lightspeed India,Private Equity,1000000.0,2015.0,7.0
2015-07-25,CredR,Used Bikes Marketplace,Mumbai,Fidelity Growth Partners,Private Equity,15000000.0,2015.0,7.0
2015-07-27,ManageMySpa,Spa & Salon Management Software,Hyderabad,Accel Partners,Private Equity,6000000.0,2015.0,7.0
2015-07-28,Pepperfry,Online home d\\xc3\\xa9cor marketplace,Mumbai,"Goldman Sachs, Zodius Technology Fund, Bertelsmann India Investments Norwest Venture Partners.",Private Equity,100000000.0,2015.0,7.0
2015-07-28,Flipkart.com,Online Marketplace,Bengaluru,Steadview Capital and existing investors,Private Equity,700000000.0,2015.0,7.0
2015-07-28,Opinio,Hyperlocal food & grocery store,Bengaluru,"Accel Partners, Traxcn Labs & Others",Seed Funding,1300000.0,2015.0,7.0
2015-07-28,Zoctr,Health-Tech platform,Mumbai,"Sandeep Parwal, Krishan Gupta & Others",Seed Funding,1000000.0,2015.0,7.0
2015-07-29,Zimmber,Hyperlocal Handyman Services,Mumbai,"IDG Ventures India, Omidyar Network, Sherpalo Ventures,\\xc2\\xa0 Mohandas Pai",Private Equity,2000000.0,2015.0,7.0
2015-07-29,trueHb,Medical Tech Instruments,Delhi,"Sachin and Binny Bansal, Malvinder and Shivinder Singh, Gurpreet Singh & others",Seed Funding,2400000.0,2015.0,7.0
2015-07-29,Zovi.com / Little App,Hyperlocal Deals Marketplace,Bengaluru,"Paytm, SAIF Partners,\\xc2\\xa0 Tiger Global Management & others",Private Equity,50000000.0,2015.0,7.0
2015-07-29,Swajal,Innovative Water Solutions,Gurgaon,Abhishek Gupta,Private Equity,1200000.0,2015.0,7.0
2015-07-30,Pipa Bella,Online Jewelry Store,Mumbai,LionRock Capital,Private Equity,600000.0,2015.0,7.0
2015-07-30,Pragmatix,Business intelligence & Analytics,Mumbai,SIDBI Venture Capital Ltd,Private Equity,2400000.0,2015.0,7.0
2015-07-30,Droom.in,Used Vehicle Marketplace,Delhi,"Lightbox Ventures, Beenos",Private Equity,16000000.0,2015.0,7.0
2015-07-30,MadRat Games,Educational Board Games,Bengaluru,"Kunal Bahl, Rohit Bansal",Seed Funding,168000.0,2015.0,7.0
2015-07-30,Noodle Play,Chinese food delivery,Mumbai,"Elliot Stechman, Gautam Sinha, Ambarish Ray",Seed Funding,168000.0,2015.0,7.0
2015-07-31,LazyLad,Hyperlocal Grocery App,Gurgaon,"Jai Choi, Kiyohiro Sugashita, Hirokazu",Private Equity,500000.0,2015.0,7.0
2015-07-31,Prothom,Hasbro Toy Manufacturer,Pune,Oliphabs Capital,Private Equity,2000000.0,2015.0,7.0
2015-07-31,Bona Vita,Travel Tech,Gurgaon,MakeMyTrip,Private Equity,5000000.0,2015.0,7.0
2015-06-01,Veeba Foods,Healthy Food Manufacturer,Delhi,"DSG Consumer Partners, Saama Capital.",Private Equity,6000000.0,2015.0,6.0
2015-06-01,Truebil,Used Car Marketplace,Mumbai,"Kae Capital, Anupam Mittal",Seed Funding,500000.0,2015.0,6.0
2015-06-01,Meritnation,Online Learning Platform,Delhi,InfoEdge,Private Equity,4000000.0,2015.0,6.0
2015-06-01,Eattreatonline,Healthy Food Online Community,Delhi,Group of 15 Angel Investors,Seed Funding,350000.0,2015.0,6.0
2015-06-01,Glamrs,Online Fashion Video Portal,Mumbai,"Ventureworks India, Blume Ventures, Batlivala & Karani Securities, Nikunj Jhaveri",Private Equity,1000000.0,2015.0,6.0
2015-06-01,Proviera,Probiotic Technology Products Manufacturer,Chennai,Infuse Ventures,Private Equity,550000.0,2015.0,6.0
2015-06-01,Arth DesignBuild,Architectural Design & Consulting,Hyderabad,Srinivas Tirupati,Seed Funding,500000.0,2015.0,6.0
2015-06-02,Saama,Big Data & Analytics Services,Pune / US,Carrick Capital Partners,Private Equity,35000000.0,2015.0,6.0
2015-06-02,AllIzHealth,Preventive Healthcare Services,Pune,Mumbai Angels & Other angel investors,Seed Funding,350000.0,2015.0,6.0
2015-06-03,Propstack,Real Estate Intelligence Platform,Mumbai,DMG Information,Private Equity,3000000.0,2015.0,6.0
2015-06-03,MyTaxiIndia,Online Car Rental Affiliates,Delhi,Green House Ventures,Seed Funding,100000.0,2015.0,6.0
2015-06-03,Arkin Net,Data Center Software platform,Pune / US,Nexus Venture Partners,Private Equity,15000000.0,2015.0,6.0
2015-06-03,Little Black Book Delhi,Online City & Lifestyle Guide,Delhi,"Rajan Anandan, Niraj Singh, Sachin Bhatia, Singapore Angel Network & Aseem Vadehra",Seed Funding,150000.0,2015.0,6.0
2015-06-03,iCustomadeit,Bespoke Merchandize Marketplace,Pune,"Virendra Shahney, Dr Paresh Doshi",Seed Funding,250000.0,2015.0,6.0
2015-06-04,Ecom Express,Logistics Solution Provider,Delhi,Warburg Pincus,Private Equity,137000000.0,2015.0,6.0
2015-06-04,Vidooly,Video Intelligence Platform,Noida,Bessemer Venture Partners,Private Equity,1000000.0,2015.0,6.0
2015-06-04,Zopper,Hyperlocal Shopping App,Mumbai,"Tiger Global,\\xc2\\xa0 Nirvana Ventures Advisors",Private Equity,20000000.0,2015.0,6.0
2015-06-04,Flipkart,eCommerce platform,Bengaluru,Morgan Stanley,Private Equity,50000000.0,2015.0,6.0
2015-06-05,kWatt Solutions,Renewable energy solutions,Mumbai,,Seed Funding,500000.0,2015.0,6.0
2015-06-05,Medwell Ventures,Healthcare\\nService provider,Bengaluru,"Fidelity Growth Partners, Fidelity Biosciences",Private Equity,10000000.0,2015.0,6.0
2015-06-05,Jugnoo,Auto Rickshaw Based Services,Chandigarh,"Snow Leopard, Paytm",Private Equity,5000000.0,2015.0,6.0
2015-06-08,Applied Solar Technologies,Off-grid Solar Power,Mumbai,"Future Fund,Bessemer Venture, Capricorn Investment and IFC",Private Equity,40000000.0,2015.0,6.0
2015-06-09,Clovia,Private Label lingerie Ecommerce,Delhi,IvyCap Ventures,Private Equity,5000000.0,2015.0,6.0
2015-06-09,Swiggy,Online Food Ordering,Bengaluru,"Norwest Venture Partners, SAIF Partners, Accel Partners",Private Equity,16500000.0,2015.0,6.0
2015-06-09,PayMango,Mobile Commerce Platform,Gurgaon,Group of Angel Investors,Seed Funding,234000.0,2015.0,6.0
2015-06-09,Teritree,Digital Marketing Services,Bengaluru,KCL,Seed Funding,140000.0,2015.0,6.0
2015-06-10,Voonik,Fashion Ecommerce store,Bengaluru,"Sequoia Capital, Seedfund",Private Equity,5000000.0,2015.0,6.0
2015-06-11,AdStringO,Mobile Compression Software,Mumbai,"Arihant Patni, Vishal Khare,\\xc2\\xa0 Viswanath Ramachandran",Seed Funding,350000.0,2015.0,6.0
2015-06-11,Faircent.com,Peer to Peer Lending platform,Gurgaon,M&S Partners Pte. Ltd,Seed Funding,250000.0,2015.0,6.0
2015-06-12,La Renon,Global Healthcare products,Ahmedabad,Sequoia Capital,Private Equity,16000000.0,2015.0,6.0
2015-06-15,Homelane,Home Furnishing Solutions,Bengaluru,Sequoia Capital,Private Equity,50000000.0,2015.0,6.0
2015-06-15,Shippr,Intra-City Logistics service,Bengaluru,i2india Pvt Ltd,Seed Funding,500000.0,2015.0,6.0
2015-06-16,CouponRaja,Online Coupon & comparison platform,Mumbai,"Mahesh Pratapneni, Pallab Chatterjee & others",Seed Funding,500000.0,2015.0,6.0
2015-06-17,MyDentist,Dental Clinic chain,Mumbai,"LGT Group, Asian Healthcare fund, Seedfund",Private Equity,8200000.0,2015.0,6.0
2015-06-18,Fracktal Works,3D Printer Manufacturer,Bengaluru,Neoteric Infomatique Limited,Private Equity,3000000.0,2015.0,6.0
2015-06-18,Hansa Customer Equity,IT / Customer Engagement Consulting,Mumbai,ASK Pravi,Private Equity,5000000.0,2015.0,6.0
2015-06-19,Housejoy,Home services marketplace,Bengaluru,Matrix Partners,Private Equity,4000000.0,2015.0,6.0
2015-06-19,FundsIndia.com,Financial Services Platform,Chennai,"Faering Capital, Foundation Capital, Inventus Capital Partners",Private Equity,11000000.0,2015.0,6.0
2015-06-20,Cupick,Social Network for Artists,Bengaluru,Group of Angel Investors from US/India,Seed Funding,120000.0,2015.0,6.0
2015-06-20,Tracxn,Startup funding platform,Bengaluru,"Sachin Bansal, Bunny Bansal & other investors",Private Equity,10000000.0,2015.0,6.0
2015-06-21,Holachef,Food Delivery Platform,Mumbai,"Kalaari Capital, India Quotient",Private Equity,3100000.0,2015.0,6.0
2015-06-22,elong,Data Driven recruitment recommendation,Bengaluru,"Kunal Bahl, Rohit Bansal, Blume Ventures, Phanindra Sama, Raju Reddy",Private Equity,5000000.0,2015.0,6.0
2015-06-22,Vidgyor,Video Advertisement Platform,Bengaluru,AngelPrime,Seed Funding,500000.0,2015.0,6.0
2015-06-23,Goodservice,Mobile Chat based concierge service,Delhi,Sequoia Capital,Private Equity,1600000.0,2015.0,6.0
2015-06-23,Treebo,Online Budget Hotel Booking Service,Bengaluru,"Matrix Partners India, SAIF Partners",Private Equity,6000000.0,2015.0,6.0
2015-06-23,EduKart,Online education marketplace,Delhi,"Holostik Group, YouWeCan Ventures, 500 Startups, Vijay Shekhar Sharma, Manish Kheterpal, Amit Patni",Private Equity,1000000.0,2015.0,6.0
2015-06-24,Indix,SaaS product intelligence platform,,"Nokia Growth Partners, Nexus Venture Partners, Avalon Ventures",Private Equity,15000000.0,2015.0,6.0
2015-06-24,The Porter,Logistics Tech,Mumbai,"Sequoia Capital, Kae Capital, Anupam Mittal, Sandeep Tandon",Private Equity,5500000.0,2015.0,6.0
2015-06-24,Retention.ai,App Analytics platform,Bengaluru,"Mercury Fund, Anshu Sharma, Pratyush Prasanna, Robert Winters & others",Seed Funding,500000.0,2015.0,6.0
2015-06-25,Fusion Microfinance,Micro Finance Platform,Delhi,"Development finance institution Belgian Investment Company, Oikocredit",Private Equity,8600000.0,2015.0,6.0
2015-06-25,Zinka,Freight logistics platform,Bengaluru,"Accel Partners, Flipkart",Private Equity,6000000.0,2015.0,6.0
2015-06-26,CreditMantri,Credit Management Services,Chennai,"IDG Ventures India, Elevar Equity, Accion Venture Lab",Private Equity,2500000.0,2015.0,6.0
2015-06-26,GetMyPeon,Hyperlocal Handyman Services,Mumbai,Undisclosed investors,Seed Funding,250000.0,2015.0,6.0
2015-06-29,UrbanClap,Hyperlocal services marketplace,Delhi,"SAIF Partners,\\xc2\\xa0 Accel Partners",Private Equity,10000000.0,2015.0,6.0
2015-06-29,AdWyze,Marketing / Advertising Automation platform,Bengaluru,Mape Advisory,Seed Funding,1000000.0,2015.0,6.0
2015-06-29,Zimmber,Hyperlocal Handyman Services,Mumbai,"Naveen Tiwari, Mohit Saxena, Amit Gupta, Piyush Shah, Manish Dugar",Seed Funding,400000.0,2015.0,6.0
2015-06-30,Flatchat,Flat rental Mobile App,Bengaluru,Commonfloor,Private Equity,2500000.0,2015.0,6.0
2015-06-30,MyCFO,Wealth Management Platform,Mumbai,Sameer Koticha,Private Equity,1500000.0,2015.0,6.0
2015-05-01,Foodpanda,Online Food Delivery,Gurgaon,"Goldman Sachs, Rocket Internet",Private Equity,100000000.0,2015.0,5.0
2015-05-01,Termsheet,Fund Raising Platform,Chennai,"Anand Vijay, Nipun Dureja, Satyajit Heeralal, Keith Rodricks, Gaurav Lochan, Azmul Haque, Nikhil Bagri",Seed Funding,100000.0,2015.0,5.0
2015-05-04,Applicate,Workforce Management Software,Bengaluru,"Rishi Vasudev, Amit Gupta, Rajiv Nayan",Seed Funding,550000.0,2015.0,5.0
2015-05-04,World Art Community,Online Art Marketplace,Gurgaon,Viraj Tyagi & others,Seed Funding,200000.0,2015.0,5.0
2015-05-04,SpoonJoy,Online Food Delivery,Bengaluru,SAIF Partners,Seed Funding,1000000.0,2015.0,5.0
2015-05-05,Seed Schools,Affordable Education,Hyderabad,Acumen Fund,Seed Funding,650000.0,2015.0,5.0
2015-05-05,Ignis Careers,Career Development,Hyderabad,Acumen Fund,Seed Funding,250000.0,2015.0,5.0
2015-05-05,Square Yards,Real Estate Advisory,Gurgaon,Undisclosed Investors,Private Equity,6000000.0,2015.0,5.0
2015-05-05,Fintellix,Banking Analytics Platform,Bengaluru,"IDG Ventures, Sequoia Capital",Private Equity,15000000.0,2015.0,5.0
2015-05-06,Delhivery,Ecommerce Logistics,Gurgaon,"Tiger Global Management, Multiples Alternate Asset Management, Nexus Venture Partners, Times Internet",Private Equity,85000000.0,2015.0,5.0
2015-05-06,Swiggy,Online Food Delivery,Bengaluru,Norwest Venture Partners,Private Equity,15000000.0,2015.0,5.0
2015-05-07,Box8,Online Food Delivery,Mumbai,Mayfield Ventures,Private Equity,3500000.0,2015.0,5.0
2015-05-07,Toppr,Online Education Platform,Mumbai,"Fidelity Growth Partners India, SAIF Partners,\\xc2\\xa0 Helion Ventures",Private Equity,10000000.0,2015.0,5.0
2015-05-07,Vedantu,Online Education Platform,Bengaluru,"Accel Partners, Tiger Global Management",Private Equity,5000000.0,2015.0,5.0
2015-05-08,BuyHatke,Online Product Comparison,Bengaluru,"S.Gopalakrishnan, Beenos",Seed Funding,1000000.0,2015.0,5.0
2015-05-08,Uniken,Online Security Platform,Pune,Exfinity Ventures,Private Equity,2000000.0,2015.0,5.0
2015-05-08,GrandOpinion,Online Medical Diagnostic,Delhi,Florida based Angel investor,Seed Funding,150000.0,2015.0,5.0
2015-05-12,ZapStitch,Cloud Data Integration Platform,Bengaluru,"Helion Venture Partners, Orios Venture Partners",Private Equity,2000000.0,2015.0,5.0
2015-05-12,Wassup,Mobile Laundry Cleaning Service,Chennai,"Arun Chandra Mohan, Praveen Sinha",Private Equity,2000000.0,2015.0,5.0
,Plancess,Online Education Platform,Mumbai,"Rajendra Gogri,\\xc2\\xa0 Chandrakant Gogri",Seed Funding,2000000.0,,
2015-05-14,IndianRoots.com,Lifestyle Ecommerce Portal,Gurgaon,KJS Group,Private Equity,5000000.0,2015.0,5.0
2015-05-14,RedPolka,Online Fashion Aggregator,Mumbai,Undisclosed Investors,Seed Funding,250000.0,2015.0,5.0
2015-05-15,Venturesity,Online Job skills Showcase,Bengaluru,"Phanindra Sama, Jay Sethuram, Hemant Kanakia, Ravi Trivedi",Seed Funding,270000.0,2015.0,5.0
2015-05-19,Chaayos,Offline Tea Chain,Delhi,Tiger Global Management,Private Equity,1000000.0,2015.0,5.0
2015-05-19,Akosha,Business Messaging App,Delhi,Sequoia Capital,Private Equity,16000000.0,2015.0,5.0
2015-05-19,Cooey,Health Mobile App,Bengaluru,Subhash Goyal,Seed Funding,470000.0,2015.0,5.0
2015-05-19,MeetUniv,Online Ed-Tech Platform,Noida,Peesh Venture Capital,Seed Funding,1000000.0,2015.0,5.0
2015-05-19,Crown-it,Hyperlocal Mobile Marketplace,Gurgaon,"Accel Partners, Helion Venture Partners",Private Equity,5500000.0,2015.0,5.0
2015-05-19,Trucksfirst,Trucking Logistic Operations,Gurgaon,SAIF partners,Private Equity,10000000.0,2015.0,5.0
2015-05-20,Lookup,B2C Messaging App,Bengaluru,Biz Stone,Private Equity,3000000.0,2015.0,5.0
2015-05-22,\\xc2\\xa0Nudgespot,Customer Engagement Platform,Bengaluru,"Kae Capital, Anoop Goyal, Mike Shah, VA Sastry",Seed Funding,625000.0,2015.0,5.0
2015-05-22,EveningFlavors,Online Table Reservation,Bengaluru,Sandiep Shrivatsava,Seed Funding,500000.0,2015.0,5.0
2015-05-25,ZenParent,Parents focused Web Content,Bengaluru,i2india Ventures,Seed Funding,500000.0,2015.0,5.0
2015-05-26,UrbanPro,On-demand Service marketplace,Bengaluru,Nirvana Venture Advisors,Private Equity,2000000.0,2015.0,5.0
2015-05-26,Goodbox,On-Demand Business messaging,Bengaluru,Manipal Group,Seed Funding,200000.0,2015.0,5.0
2015-05-26,Renderlogy,Online Home D\\xc3\\xa9cor,Hyderabad,Astarc Ventures,Private Equity,1000000.0,2015.0,5.0
2015-05-27,Postman,API Workflow platform,Bengaluru,Nexus Venture Partners,Seed Funding,1000000.0,2015.0,5.0
2015-05-27,Casa2inns,Affordable Hotel Booking Online,Delhi,"Accel Partners, Kalaari Capital",Private Equity,5000000.0,2015.0,5.0
2015-05-27,FleetRover,Logistics Intelligence,Goa,"Tim Chen, Sanjay Venkat",Seed Funding,180000.0,2015.0,5.0
2015-05-28,TheKarrier,Last Mile Logistics,Bengaluru,"Sol Primero, Outbox Ventures, Nikunj Jain",Seed Funding,240000.0,2015.0,5.0
2015-05-28,Zoomcar,Self-driven Car rental,Bengaluru,Sequoia Capital,Private Equity,5000000.0,2015.0,5.0
2015-05-30,Ather Energy,Electric Scooter Manufacturer,Bengaluru,Tiger Global,Private Equity,12000000.0,2015.0,5.0
2015-04-03,Swiggy,Online Food Delivery,Bengaluru,"Accel Partners, SAIF Partners",Private Equity,2000000.0,2015.0,4.0
2015-04-04,Bluegape,Web Content Publishing,Gurgaon,"Rudy Gopalakrishnan, ah! Ventures",Seed Funding,200000.0,2015.0,4.0
2015-04-04,KeepTrax,Location Based App,Dallas / Hyderabad,,Seed Funding,1000000.0,2015.0,4.0
2015-04-06,InstaLively,Video Streaming,Delhi,"Rajesh Sawheny , Rajan Anandan, Amit Ranjan, Niraj Singh, AECAL, MeraEvents.",Seed Funding,120000.0,2015.0,4.0
2015-04-07,Pricejugaad,Price Comparison,Hyderabad,"Amit Tyagi, Sandeep Acharya & others",Seed Funding,165000.0,2015.0,4.0
2015-04-07,Quikr,Online Classifieds,Mumbai,"Tiger Global, Investment AB Kinnevik, Steadview Capital",Private Equity,150000000.0,2015.0,4.0
2015-04-07,PressPlay,Travel Entertainment,Delhi,"Sequoia Capital, Jason Hirschhorn, Jarett Posner, and Amit Bhatiani",Seed Funding,2200000.0,2015.0,4.0
2015-04-08,FirstCry.com,eCommerce,Pune,"Silicon Valley Ventures, NEA Ventures, Valiant Capital, IDG Ventures India,\\xc2\\xa0 SAIF Partners, Vertex Ventures",Private Equity,10000000.0,2015.0,4.0
2015-04-08,MobiKwik,Digital / Mobile Wallet,Gurgaon,"Tree Line Asia, Cisco Investments, American Express, Sequoia Capital",Private Equity,25000000.0,2015.0,4.0
2015-04-08,Olacabs,Cab Aggregator,Bengaluru,"DST Global, Steadview Capital, Tiger Global, Accel Partners & Others",Private Equity,400000000.0,2015.0,4.0
2015-04-09,Gadgetwood,Device Repair Svcs,Delhi,"Ajai Chowdhry, Ashvin Chadha, Yogesh Bansal,\\nNitin Singhal & Others",Seed Funding,200000.0,2015.0,4.0
2015-04-09,Bonhomia,Premium Beverages,Delhi,"Kanwaljit Singh, Shripad Nadkarni, Sarvesh Shahra & Others",Seed Funding,2000000.0,2015.0,4.0
2015-04-09,Changer Mints,Digital / Mobile Wallet,Kolkata,Hyderabad based investor,Seed Funding,165000.0,2015.0,4.0
2015-04-09,Urban Ladder,Online Furnishing\\neCommerce,Bengaluru,"Sequoia Capital, TR Capital, Steadview Capital, SAIF Partners, Kalaari Capital",Private Equity,50000000.0,2015.0,4.0
2015-04-10,Whatfix,Interactive\\xc2\\xa0 How-To Guides,Bengaluru,"Helion Venture Partner, Powerhouse Ventures, GSF and Other angel investors",Seed Funding,900000.0,2015.0,4.0
2015-04-11,Zomato,Restaurant Reviews,Gurgaon,Info Edge (India),Private Equity,25000000.0,2015.0,4.0
2015-04-13,ZopNow,Online Grocer,Bengaluru,"Dragoneer Investment, Accel Partners, Qualcomm Ventures, Times Internet",Private Equity,10000000.0,2015.0,4.0
2015-04-13,Nayi Disha,Ed-Tech,Delhi,"Ajay Relan,",Seed Funding,300000.0,2015.0,4.0
,The Porter,Logistics Tech,Mumbai,Kae Capital,Seed Funding,500000.0,,
2015-04-13,Commeasure,Online Hotel Booking,Noida,Jungle Ventures,Seed Funding,1000000.0,2015.0,4.0
2015-04-13,Capricoast,Online Kitchen Furniture,Bengaluru,Accel Partners India,Seed Funding,1250000.0,2015.0,4.0
2015-04-14,LocalOye,Hyper-local Online Services,Mumbai,"Tiger Global Management, Lightspeed Venture Partners",Private Equity,5000000.0,2015.0,4.0
2015-04-15,Grofers,Hyper-Local Online/Mobile Grocery,Gurgaon,"Tiger Global, Sequoia Capital",Private Equity,35000000.0,2015.0,4.0
2015-04-15,PepperTap,Hyper-Local Online/Mobile Grocery,Gurgaon,"SAIF Partners, Sequoia Capital",Private Equity,10000000.0,2015.0,4.0
2015-04-15,PolicyBazaar,Online Policy Aggregator,Gurgaon,"PremjiInvest, Tiger Global, Ribbit Capital",Private Equity,40000000.0,2015.0,4.0
2015-04-16,UrbanClap,Hyperlocal Mobile Services Marketplace,Delhi,"SAIF Partners, Accel Partners, Kunal Bahl, Rohit Bansal",Seed Funding,1600000.0,2015.0,4.0
2015-04-16,Taskbob,OnDemand\\nMobile Handyman Services,Mumbai,"Orios Venture Partners, Mayfield India",Seed Funding,1200000.0,2015.0,4.0
2015-04-17,Robosoft,Mobile App Development,Udupi,"Ascent Capital, Kalaari Capital",Private Equity,12000000.0,2015.0,4.0
2015-04-20,Pastiwala,Material Collection & Recycling,Vadodara,Agnus Capital,Private Equity,4000000.0,2015.0,4.0
2015-04-20,1mg (Healthkartplus),Online Pharmacy & Drug DB,Gurgaon,"Deep Kalra, Sequoia Capital, Omidyar Network, Intel Capital & Kae Capital",Private Equity,6000000.0,2015.0,4.0
2015-04-20,Freshdesk,Online / Mobile Customer Support,Chennai,"Tiger Global, Google Capital & Accel Partners",Private Equity,50000000.0,2015.0,4.0
2015-04-20,Sulekha.com,Online Classifieds & Listings,Chennai,GIC ventures,Private Equity,28000000.0,2015.0,4.0
2015-04-22,Eat.Shop.Love,Fashion ECommerce,Bengaluru,Undisclosed Investor,Private Equity,3500000.0,2015.0,4.0
2015-04-22,Avanti Learning,Private Coaching Centers,Delhi,"Michael & Susan Dell Foundation, Pearson Learning Fund",Private Equity,1500000.0,2015.0,4.0
2015-04-23,Simplilearn,Online Certification Courses,Bengaluru,"Mayfield Ventures, Kalaari Capital, Helion Ventures",Private Equity,15000000.0,2015.0,4.0
2015-04-23,Craftstvilla,Ethnic Product eCommerce,Mumbai,"Sequoia Capital, Nexus venture Partners, Lightspeed Ventures, GFC",Private Equity,18000000.0,2015.0,4.0
2015-04-23,HeadOut,Last Minute Travel Deals mobile marketplace,Bangalore / SFO,"Version One Ventures, 500 Startups, Nexus Venture Partners and Arena Ventures",Seed Funding,1800000.0,2015.0,4.0
2015-04-23,happay,usiness expense management,Bengaluru,AngelPrime,Seed Funding,500000.0,2015.0,4.0
2015-04-23,Jugnoo,Auto Rickshaw based Logistics,Chandigarh,"Rakesh Mathur, Vikas Taneja & others",Seed Funding,1000000.0,2015.0,4.0
2015-04-24,Coverfox,Online Insurance Aggregator,Mumbai,"Accel US, Accel India, SAIF Partners.",Private Equity,12000000.0,2015.0,4.0
2015-04-27,Torqus,Restaurant Management Platform,Pune,S S Mukherji & Others,Seed Funding,350000.0,2015.0,4.0
2015-04-27,Grab,Food Logistics & Delivery,Mumbai,"Oliphans Capital, Haresh Chawla",Seed Funding,1000000.0,2015.0,4.0
2015-04-27,LogicRoots,Interactive Educational Games,Jaipur,"Ah! Ventures, Calcutta Angels,\\xc2\\xa0 91SpringBoard",Seed Funding,400000.0,2015.0,4.0
2015-04-28,Babajobs,Grey collar Job Board,Bengaluru,SEEK Ltd & affiliates,Private Equity,10000000.0,2015.0,4.0
2015-04-28,Jay Robotix,Robotic Program learning,Hyderabad,Cross Border Angels & others,Seed Funding,250000.0,2015.0,4.0
2015-04-28,Naaptol.com,Tele-Shopping / eCommerce,Mumbai,Mitsui & Co & existing investors,Private Equity,21500000.0,2015.0,4.0
2015-04-29,ReGlobe,Used Gadgets Buy / Refurbishing,Gurgaon,"Bessemer Ventures, Blume Ventures",Seed Funding,1000000.0,2015.0,4.0
2015-04-29,Icertis,Cloud Enterprise Software,Pune / US,"Greycroft Partners, Fidelity Growth Partners",Private Equity,6000000.0,2015.0,4.0
2015-04-29,Tracxn,Startup Analytics platform,Bengaluru,SAIF Partners,Private Equity,3500000.0,2015.0,4.0
2015-04-29,Tradelab,Financial Markets Software,Bengaluru,Rainmatter,Seed Funding,400000.0,2015.0,4.0
2015-04-29,PiQube,Hiring Analytics platform,Chennai,The HR Fund,Seed Funding,500000.0,2015.0,4.0
2015-04-29,Travel Triangle,Online Travel Marketplace,Noida,"Bessemer Venture Partners, SAIF Partners",Private Equity,8000000.0,2015.0,4.0
2015-03-02,TrulyMadly.com,,,"Helion Venture Partners, Kae Capital",Private Equity,5500000.0,2015.0,3.0
2015-03-02,InstaLively,,,Group of Angel Investors,Seed Funding,120000.0,2015.0,3.0
2015-03-03,Vserv,,,"Maverick Capital, IDG Ventures India",Private Equity,15000000.0,2015.0,3.0
2015-03-05,Niffler,,,SAIF Partners,Seed Funding,1000000.0,2015.0,3.0
2015-03-05,CustomFurnish.com,,,"Madhukar Gangadi, Satish Reddy, Srini Raju, Srini Koppolu & SIDBI",Private Equity,2500000.0,2015.0,3.0
2015-03-06,MapMyGenome,,,Rajan Anandan & other angel investors,Private Equity,1200000.0,2015.0,3.0
2015-03-09,Crowdfire (formerly Justunfollow),,,Kalaari Capital,Private Equity,2500000.0,2015.0,3.0
2015-03-09,Bite Club,,,"Powai Lake Ventures, Aneesh Reddy, Ashish Kashyap, Alok Mittal",Seed Funding,500000.0,2015.0,3.0
2015-03-11,Appedo,,,Undisclosed Investors,Seed Funding,1000000.0,2015.0,3.0
2015-03-11,Fitraq.com,,,Tarun Arora,Seed Funding,150000.0,2015.0,3.0
2015-03-11,ChargeBee,,,"Tiger Global, Accel Partners",Private Equity,5000000.0,2015.0,3.0
2015-03-11,Groupon India,,,Sequoia Capital,Private Equity,20000000.0,2015.0,3.0
2015-03-12,MoonFrog Labs,,,"Tiger Global, Sequoia Capital.",Private Equity,15000000.0,2015.0,3.0
2015-03-13,Foodpanda,,,Rocket Internet AG & others,Private Equity,110000000.0,2015.0,3.0
2015-03-13,DiabetOmics,,,"VentureEast,\\xc2\\xa0 Varaprasad Reddy",Private Equity,5000000.0,2015.0,3.0
2015-03-14,Daily Rounds,,,"Kae Capital, GSF, Teruhide Sato",Seed Funding,500000.0,2015.0,3.0
2015-03-14,Orobind,,,"Zishaan Hayath, Lalit Mangal, Harpreet Singh Grover",Seed Funding,200000.0,2015.0,3.0
2015-03-16,Digital Gorkha,,,Ramesh kavediya,Seed Funding,166000.0,2015.0,3.0
2015-03-16,NestAway,,,"IDG Ventures, Naveen Tewari",Seed Funding,1300000.0,2015.0,3.0
2015-03-16,The Better India,,,I-cube-N,Seed Funding,166000.0,2015.0,3.0
2015-03-16,Meru Cabs,,,Value Fund Advisors,Private Equity,50000000.0,2015.0,3.0
2015-03-18,Drivestream,,,Wipro,Private Equity,5000000.0,2015.0,3.0
2015-03-18,wWhere,,,Group of Angel Investors,Seed Funding,200000.0,2015.0,3.0
2015-03-19,Tripoto,,,"IDG Ventures, Outbox Ventures",Private Equity,2000000.0,2015.0,3.0
2015-03-19,Graphic India,,,"CA Media LP,\\xc2\\xa0 Start Media.",Seed Funding,2800000.0,2015.0,3.0
2015-03-20,Lets Corp,,,Wu Chay Chin,Seed Funding,3000000.0,2015.0,3.0
2015-03-20,CollateBox,,,LetsVenture,Seed Funding,180000.0,2015.0,3.0
2015-03-20,Mahindra First Choice,,,Valiant Capital,Private Equity,15000000.0,2015.0,3.0
2015-03-23,RazorPay,,,Y Combinator,Seed Funding,120000.0,2015.0,3.0
2015-03-24,Furlenco,,,LightBox Ventures,Private Equity,6000000.0,2015.0,3.0
2015-03-24,Cubito,,,Sol Primero,Seed Funding,160000.0,2015.0,3.0
2015-03-25,Teabox,,,"JAFCO Asia, Keystone Group, Dragoneer Investment, Accel Partners",Private Equity,6000000.0,2015.0,3.0
2015-03-25,Artoo,,,"Accion Venture Labs, Rianta Capital",Private Equity,500000.0,2015.0,3.0
2015-03-25,Fxkart.com,,,"Dr Mushtaq Shah, Dr Faraz Naqvi",Seed Funding,2000000.0,2015.0,3.0
2015-03-25,OYO Rooms,,,"Greenoaks capital, Sequoia Capital, LightSpeed Ventures",Private Equity,25000000.0,2015.0,3.0
2015-03-26,Roposo.com,,,"Tiger Global Management, Indian Quotient, Binny Bansal",Private Equity,5000000.0,2015.0,3.0
2015-03-26,Teewe,,,"Sequoia Capital, India Quotient",Seed Funding,1750000.0,2015.0,3.0
2015-03-27,Urjas,,,Solidarity Venture Capital & others,Seed Funding,100000.0,2015.0,3.0
2015-03-27,Chargein,,,Pittie Group,Seed Funding,100000.0,2015.0,3.0
2015-03-28,Yogurt Labs,,,"Nick Adams, Kiran Bhat, Family Pot Investments LLP",Seed Funding,115000.0,2015.0,3.0
2015-03-28,LimeRoad.com,,,"Tiger Global, Matrix Partners, Lightspeed Venture Partners",Private Equity,30000000.0,2015.0,3.0
2015-03-28,Team Indus,,,"Nandan Nilekani, Rajiv Mody, Ajai Chowdhary",Private Equity,1500000.0,2015.0,3.0
2015-03-30,Arohan Financial Services,,,Tano Capital,Private Equity,10000000.0,2015.0,3.0
2015-03-30,BillDesk,,,TA Associates,Private Equity,75000000.0,2015.0,3.0
2015-03-31,Triphobo,,,"Mayfield Ventures, Kalaari Capital",Private Equity,3000000.0,2015.0,3.0
2015-03-31,Aryaka,,,"Trinity Ventures, InterWest Partners, Mohr Davidow Ventures, Presidio Ventures",Private Equity,16000000.0,2015.0,3.0
2015-03-31,Appsdaily,,,"Zodius Capital, Ru-Net, Kalaari Capital,\\xc2\\xa0 Qualcomm Ventures",Private Equity,16000000.0,2015.0,3.0
2015-02-02,Faaya,,,Group of Angel Investors,Seed\\nFunding,16600.0,2015.0,2.0
2015-02-02,InstaBounce,,,Group of Angel Investors,Seed\\nFunding,16600.0,2015.0,2.0
2015-02-02,Chloroplast Foods,,,Group of Angel Investors,Seed\\nFunding,16600.0,2015.0,2.0
2015-02-02,Dealwithus,,,Group of Angel Investors,Seed\\nFunding,16600.0,2015.0,2.0
2015-02-02,CleverSharks,,,Group of Angel Investors,Seed\\nFunding,16600.0,2015.0,2.0
2015-02-02,Leaf,,,Group of Angel Investors,Seed\\nFunding,16600.0,2015.0,2.0
2015-02-02,SmartPocket,,,"Sol Primero, Rajiv Mehta",Seed\\nFunding,250000.0,2015.0,2.0
2015-02-02,Yumist,,,Orios Venture Partner,Private Equity,1000000.0,2015.0,2.0
2015-02-02,FirstCry,,,Valiant Capital Partners,Private Equity,26000000.0,2015.0,2.0
2015-02-02,HolaChef,,,India Quotient,Seed\\nFunding,325000.0,2015.0,2.0
2015-02-03,Frsh.co.in,,,"India Quotient, Kae Capital",Seed\\nFunding,518000.0,2015.0,2.0
2015-02-03,Manthan,,,"Temasek, Norwest Venture Partners",Private Equity,60000000.0,2015.0,2.0
2015-02-05,Culture Machine,,,"Tiger Global, Times Internet, Zodius Capital",Private Equity,18000000.0,2015.0,2.0
2015-02-05,Aisle.co,,,"Anand Vijay, Shashank Mehrotra & Others",Seed\\nFunding,100000.0,2015.0,2.0
2015-02-06,FreeCharge,,,"Valiant Capital, Tybourne Capital, Sequoia Capital, RuNet and Sofina",Private Equity,80000000.0,2015.0,2.0
2015-02-06,NewsHunt,,,"Falcon Edge Capital, Matrix Partners India, Sequoia Capital India and Omidyar Network",Private Equity,40000000.0,2015.0,2.0
2015-02-09,MyNoticePeriod,,,IDG Ventures,Private Equity,3000000.0,2015.0,2.0
2015-02-09,Faaso\\xe2\\x80\\x99s,,,Lightbox Ventures,Private Equity,20000000.0,2015.0,2.0
2015-02-11,Capital Float,,,"SAIF Partners, Sequoia Capital, Aspada",Private Equity,13000000.0,2015.0,2.0
2015-02-11,Nimble Wireless,,,AngelPrime,Seed\\nFunding,3000000.0,2015.0,2.0
2015-02-12,Stayzilla,,,"Nexus Venture Partners, Matrix Partners",Private Equity,20000000.0,2015.0,2.0
2015-02-12,Practo,,,"Sequoia Capital, Matrix Partners",Private Equity,30000000.0,2015.0,2.0
2015-02-13,20Dresses,,,"Srinivas Aluri, Srinivas Modukury, BS Nagesh",Seed\\nFunding,1000000.0,2015.0,2.0
2015-02-13,Itzcash,,,Ashok Goel (promoter),Private Equity,16500000.0,2015.0,2.0
2015-02-16,NewsInShorts,,,"Tiger Global, Rebright Partners, Sachin and Binny Bansal",Private Equity,4150000.0,2015.0,2.0
2015-02-16,iTraveller.com,,,ah! Ventures,Private Equity,1000000.0,2015.0,2.0
2015-02-18,Wooplr.com,,,Helion Venture Partners,Private Equity,5000000.0,2015.0,2.0
2015-05-19,Springleap,,,Cross Border Angels,Seed\\nFunding,800000.0,2015.0,5.0
2015-02-20,Klip.in,,,"Calcutta Angels, Venture Nursery Angels Mumbai Angels",Seed\\nFunding,500000.0,2015.0,2.0
2015-02-20,Renderlogy,,,Brick Eagle,Private Equity,1600000.0,2015.0,2.0
2015-02-21,Appbase,,,"DA-IICT, Techstars, Carnegie Mellon University, Startup Brasil program",Seed\\nFunding,290000.0,2015.0,2.0
2015-02-23,HomeLane,,,"Sequoia Capital, Ranjan Pai, Mohandas Pai & others",Private Equity,4500000.0,2015.0,2.0
2015-02-23,Trip38,,,"InterGlobe Technology Quotient, Lantern Capital",Private Equity,1000000.0,2015.0,2.0
2015-02-23,Smartairtrip.com,,,Undisclosed,Private Equity,10000000.0,2015.0,2.0
2015-02-23,NoBroker,,,"SAIF Partners, Fulcrum Ventures",Private Equity,3000000.0,2015.0,2.0
2015-02-24,Caravan Craft Retail,,,"Unitus Seed Fund\\nNarayan Ramachandran, Bijou Kurien",Seed\\nFunding,500000.0,2015.0,2.0
2015-02-25,Clonect Solutions,,,"V Balakrishnan, T V Mohandas Pai, BC Prabhakar",Seed\\nFunding,250000.0,2015.0,2.0
2015-02-25,TaxSutra,,,"V Balakrishnan, T V Mohandas Pai",Seed\\nFunding,160000.0,2015.0,2.0
2015-02-25,Sattviko,,,"Sumit Jain, Rajat Jain, Sanjay Bhasin",Seed\\nFunding,320000.0,2015.0,2.0
2015-02-25,IndustryBuying,,,SAIF Partners,Private Equity,2000000.0,2015.0,2.0
2015-02-26,TinyOwl,,,"Matrix Partners, Sequoia Capital, Nexus Venture Partners",Private Equity,16000000.0,2015.0,2.0
2015-02-27,Momoe,,,"IDG Ventures India, Jungle Ventures, India Quotient.",Seed\\nFunding,1200000.0,2015.0,2.0
2015-02-27,Grofers,,,"Tiger Global Management, Sequoia Capital India",Private Equity,10000000.0,2015.0,2.0
2015-01-02,LensKart,,,"TPG Growth, TR Capital, IDG Ventures",Private Equity,2150000.0,2015.0,1.0
2015-01-02,VioletStreet,,,"Venkat Vallabhneni, Sudhakar Reddy, Srinivasa Rao Paturi",Seed\\nFunding,315000.0,2015.0,1.0
2015-01-05,Lookup,,,"DeNA Co., Japan & Teruhide Sato (in Addition to MKS Switzerland & Kris GopalKrishnan)",Seed\\nFunding,380000.0,2015.0,1.0
2015-01-05,#Fame,,,TO THE NEW Ventures,Private Equity,10000000.0,2015.0,1.0
2015-01-05,Gympik,,,"Tom Clausen, Rohan Ajila, Haldyn Glass",Seed Funding,135000.0,2015.0,1.0
2015-01-06,Near.in,,,"Anupam Mittal, Manish Vij, Prashant Tandon, Gaurav Agarwal, Akash Agarwal, Himanshu Aggarwal, Kevin Parikh",Seed Funding,285000.0,2015.0,1.0
2015-01-06,NumberMall,,,SRI Capital,Private Equity,10000000.0,2015.0,1.0
2015-01-06,Tookitaki,,,"Jungle Ventures, Redbright Partners, Blume Ventures",Private\\nEquity,1000000.0,2015.0,1.0
2015-01-06,Frankly,,,Matrix Partners,Seed Funding,600000.0,2015.0,1.0
2015-01-07,Nurturey,,,Seedrs Crowd funding platform,Crowd funding,125000.0,2015.0,1.0
2015-01-07,Stridalyzer,,,Kickstarter,Crowd Funding,30768.0,2015.0,1.0
2015-01-07,Commonfloor,,,Google Capital,Private Equity,5000000.0,2015.0,1.0
2015-01-09,YepMe,,,"JS Capital, Helion Venture Partners, Capricorn Investment Group",Private Equity,13000000.0,2015.0,1.0
2015-01-12,MyDreamStore,,,Undisclosed Investors,Seed Funding,290000.0,2015.0,1.0
2015-01-14,RateGain,,,TA Associates,Private Equity,50000000.0,2015.0,1.0
,Wishberry,,,"Rajan Anandan, Shankar Mahadevan, Deep Kalra & Others",Seed Funding,650000.0,,
2015-01-16,eKincare,,,Adroitent Pvt. Ltd.,Seed Funding,161000.0,2015.0,1.0
2015-01-18,ShopClues,,,Tiger Global & Other investors,Private Equity,100000000.0,2015.0,1.0
2015-01-19,Refiral,,,Cogent E Services,Seed Funding,330000.0,2015.0,1.0
2015-01-19,HealthyWorld.in,,,Group of Angel Investors,Seed Funding,200000.0,2015.0,1.0
2015-01-19,Hostel Dunia,,,Hyderabad Angels (at Startup Heroes event),Seed Funding,16000.0,2015.0,1.0
2015-01-19,Play your sport,,,Hyderabad Angels (at Startup Heroes event),Seed Funding,16000.0,2015.0,1.0
2015-01-19,Yo Grad,,,Hyderabad Angels (at Startup Heroes event),Seed Funding,16000.0,2015.0,1.0
2015-01-19,Enabli,,,Hyderabad Angels (at Startup Heroes event),Seed Funding,16000.0,2015.0,1.0
2015-01-19,CBS,,,Hyderabad Angels (at Startup Heroes event),Seed Funding,16000.0,2015.0,1.0
2015-01-20,Hopscotch,,,Eduardo Saverin & Velos Capital,Private Equity,11000000.0,2015.0,1.0
2015-01-20,HealthyWorld.in,,,Group of Angel Investors,Seed Funding,200000.0,2015.0,1.0
2015-01-21,Simplilearn,,,"Mayfield India, Kalaari Capital, Helion Ventures",Private Equity,14750000.0,2015.0,1.0
2015-01-21,MyDreamStore,,,Undisclosed Investors,Seed Funding,325000.0,2015.0,1.0
2015-05-21,Villgro,,,Michael & Susan Dell Foundation,Seed Funding,3250000.0,2015.0,5.0
,Corporate360,,,Group of Angel Investors,Seed Funding,200000.0,,
2015-01-22,Antuit,,,"Goldman Sachs, Zodius Capital",Private Equity,56000000.0,2015.0,1.0
2015-01-22,Caratlane.com,,,Tiger Global,Private Equity,31000000.0,2015.0,1.0
2015-01-24,Aasaanjobs,,,"Inventus Capital Partners, IDG Ventures",Seed Funding,1500000.0,2015.0,1.0
2015-01-25,Thrill App,,,People Group (Shaadi.com),Private Equity,1000000.0,2015.0,1.0
2015-01-27,CarDekho.com,,,"Hillhouse Capital, Tybourne Capital",Private Equity,50000000.0,2015.0,1.0
2015-01-28,Grabhouse.com,,,"Kalaari Capital, Sequoia Capital",Private Equity,2500000.0,2015.0,1.0
2015-01-29,Printvenue,,,Asia Pacific Internet Group,Private Equity,4500000.0,2015.0,1.0
2015-01-29,Graphene,,,KARSEMVEN Fund,Private Equity,825000.0,2015.0,1.0
2015-01-30,Mad Street Den,,,"Exfinity Fund, GrowX Ventures.",Private Equity,1500000.0,2015.0,1.0
2015-01-31,couponmachine.in,,,UK based Group of Angel Investors,Seed Funding,140000.0,2015.0,1.0
